g1,vcmax,tleaf,twood,troot,aleaf,awood,aroot
1.1124800938010624,0.00037169058280944837,5.178412437438965,0.0,5.211915016174316,0.5475,0.0,0.4525
8.92039898309122,0.0008433783314885999,4.928156852722168,0.0,2.8057315349578857,0.2325,0.0,0.7675
8.244056954414548,0.00026560952655072716,5.321530342102051,0.0,6.319103240966797,0.61,0.0,0.39
2.933352343399075,0.0004555375133222683,4.937455654144287,0.0,4.425990104675293,0.6375,0.0,0.3625
0.5294328724719121,0.0001243209038377725,1.9617193937301636,0.0,7.223947525024414,0.6,0.0,0.4
10.9399354574883,0.0009479732345657118,3.810831308364868,0.0,4.510395526885986,0.59,0.0,0.41
1.995561109509907,0.00012453293053085623,4.5994157791137695,0.0,4.06594181060791,0.5725,0.0,0.4275
3.493742688146533,0.00044109590473436606,3.473958730697632,0.0,4.834288120269775,0.64,0.0,0.36
7.980374543010104,0.0005373958187371874,6.04465389251709,0.0,2.9238884449005127,0.17,0.0,0.83
12.396839921591212,0.000707387602702199,3.514791250228882,0.0,1.7196398973464966,0.365,0.0,0.635
0.7409215039707525,0.0007735896455795411,2.340118646621704,0.0,3.63739275932312,0.6325,0.0,0.3675
1.7758702854084656,0.0005239071146009315,3.5324203968048096,0.0,3.6203784942626953,0.705,0.0,0.295
5.929002602686163,0.0010194371672667972,3.2629315853118896,0.0,4.6545305252075195,0.4275,0.0,0.5725
4.6739936867959875,0.0012112716387493302,4.348206996917725,0.0,1.9146897792816162,0.33,0.0,0.67
9.52619710008507,0.00040572506291176457,3.809983968734741,0.0,1.9930963516235352,0.4925,0.0,0.5075
7.161244074271458,0.0008701040729654711,3.985125780105591,0.0,2.670947313308716,0.2875,0.0,0.7125
10.91325549830968,0.0005705965863855686,2.430474042892456,0.0,2.806070327758789,0.5725,0.0,0.4275
2.281890426031618,0.000504030664470378,3.1862027645111084,0.0,3.388575792312622,0.37,0.0,0.63
4.96957190600133,0.0007322122817436707,5.569179534912109,0.0,3.301910877227783,0.4775,0.0,0.5225
2.321903461813451,0.0009208283412608918,2.7994093894958496,0.0,3.966984748840332,0.715,0.0,0.285
2.0965852610513296,0.00018907286921325263,1.4620689153671265,0.0,4.0087995529174805,0.72,0.0,0.28
4.67669918043772,0.00021025206242970823,2.4051389694213867,0.0,2.878169059753418,0.61,0.0,0.39
8.96827543382048,0.0008679653369964177,2.4838340282440186,0.0,5.912253379821777,0.5425,0.0,0.4575
7.240641055700531,0.0006235812230550454,3.710974931716919,0.0,2.402642011642456,0.3,0.0,0.7
0.22540916004800055,1.7587591327081416e-05,6.286430835723877,0.0,4.12681245803833,0.3625,0.0,0.6375
1.5180331390722024,0.0006072911080272242,2.717338800430298,0.0,2.2051444053649902,0.475,0.0,0.525
2.20011211529732,0.0009850940318442936,2.696732997894287,0.0,2.1492295265197754,0.3925,0.0,0.6075
9.176929809070488,0.0008858944341989159,1.773277997970581,0.0,4.217349529266357,0.6,0.0,0.4
11.172386390646206,2.6047536122896123e-06,6.1286301612854,0.0,2.6991190910339355,0.185,0.0,0.815
2.1653278639924576,0.0006140894070117161,3.675351619720459,0.0,2.88315749168396,0.4,0.0,0.6
6.4542362248093275,0.0006742474429753193,4.499668121337891,0.0,3.6379714012145996,0.6025,0.0,0.3975
2.8430883841513133,0.00021775205678349502,3.042747974395752,0.0,4.161679744720459,0.675,0.0,0.325
0.6101308452725913,0.0009395719396745543,2.026360034942627,0.0,4.25820779800415,0.63,0.0,0.37
7.321963872960093,9.778046118551552e-05,2.4518611431121826,0.0,3.9714889526367188,0.7175,0.0,0.2825
8.26500384264004,0.0007604588489283977,4.030850887298584,0.0,4.89948844909668,0.36,0.0,0.64
6.345831448459142,0.00018076452150548333,2.416187047958374,26.696319580078125,3.3842201232910156,0.5125,0.1875,0.3
6.191950571267874,0.0010891625341524303,5.032664775848389,4.71400785446167,6.900590896606445,0.415,0.3075,0.2775
2.53835687197712,0.0010761869076124865,3.226783514022827,2.444746255874634,3.1973087787628174,0.3625,0.16,0.4775
9.448837621176953,0.0011292642439814245,2.823254108428955,23.367847442626953,2.647242307662964,0.3975,0.16,0.4425
4.749009168054405,0.0001791418630362548,3.102750301361084,22.534894943237305,5.1948137283325195,0.435,0.2875,0.2775
3.268752871503689,0.0007755630066604242,4.220541477203369,4.480743885040283,5.890718936920166,0.27,0.17,0.56
5.169024479413081,0.0005675412949086118,5.415711402893066,20.152803421020508,4.408940315246582,0.245,0.41,0.345
11.848378705154479,0.0006823602329872755,3.390381336212158,30.915525436401367,2.8135855197906494,0.3475,0.23,0.4225
3.305898576612876,0.0007958282204430072,3.6149299144744873,12.52306079864502,3.5301241874694824,0.365,0.1925,0.4425
6.6092399330091,0.001406907650908087,5.0199689865112305,11.673215866088867,3.312087059020996,0.3775,0.265,0.3575
14.651828364697092,0.00021697126815034163,6.469429969787598,20.543893814086914,3.5728516578674316,0.3425,0.215,0.4425
4.656729295922844,0.001072474270031717,3.8562114238739014,31.390228271484375,2.4850263595581055,0.3425,0.15,0.5075
5.286027233758828,0.00026437752164949866,4.026889324188232,5.836369514465332,2.4991140365600586,0.4,0.165,0.435
8.171165669933467,0.0006392085651602919,4.938014030456543,5.528497219085693,5.1191487312316895,0.4525,0.22,0.3275
3.554044491015461,0.00013231342358144423,3.4818472862243652,1.4995478391647339,4.0397820472717285,0.355,0.18,0.465
2.1495984811883444,0.000599216658029961,3.687979221343994,10.329916954040527,5.647452354431152,0.365,0.1975,0.4375
1.30931278303487,0.00012547331673968447,5.933149337768555,17.33834457397461,6.258996963500977,0.475,0.18,0.345
3.703077793217626,0.0013210566853823465,3.703404664993286,34.87767791748047,5.178900241851807,0.3425,0.335,0.3225
12.054956310237209,0.0010734575312504873,3.2058894634246826,0.9561394453048706,4.838665008544922,0.4425,0.3425,0.215
6.395722518300061,0.00026596729681426895,5.553818225860596,24.068830490112305,4.582708835601807,0.3875,0.285,0.3275
2.425605533898025,0.00016147612001950936,6.454110145568848,36.2295036315918,4.575058937072754,0.45,0.2,0.35
3.920513968746723,0.0010666802169028637,4.869399547576904,12.52450942993164,5.260951995849609,0.2775,0.4575,0.265
5.725351180194232,0.0010045063828066714,4.364739894866943,4.173083782196045,3.3964767456054688,0.325,0.3,0.375
1.9568384786011892,0.0001018544790784359,3.0326778888702393,1.5987695455551147,2.44964599609375,0.375,0.19,0.435
5.440882001093857,0.00017469792410022345,4.9386725425720215,13.114666938781738,4.735159873962402,0.4725,0.18,0.3475
5.605441531272204,0.0007180523664698928,3.408743381500244,11.215008735656738,5.304115295410156,0.405,0.2425,0.3525
7.104924535300156,8.383340745415915e-05,2.9146392345428467,29.164823532104492,4.869076251983643,0.4375,0.2175,0.345
3.584627168494939,0.0006531387331548404,3.8244144916534424,13.214801788330078,6.625356197357178,0.2975,0.3875,0.315
3.1459093414442814,0.0005567646804436717,4.755618095397949,20.212921142578125,3.1035335063934326,0.4225,0.195,0.3825
3.625157122701744,6.015722070925035e-05,2.9667558670043945,11.49647045135498,4.4525041580200195,0.5525,0.15,0.2975
2.817591973226979,0.00038455743137869736,5.97584867477417,11.86611557006836,1.975042700767517,0.205,0.22,0.575
2.046073686297912,0.0003078435768482468,6.701045036315918,6.990492820739746,2.3943965435028076,0.2125,0.195,0.5925
1.9741373019003159,0.00023885987702290836,4.88355016708374,5.387212753295898,3.684617042541504,0.395,0.195,0.41
10.068638906798528,0.00025306761009446084,3.285567045211792,1.1688789129257202,3.2594165802001953,0.3625,0.2975,0.34
4.497167659965664,0.0001300903433512165,2.7411293983459473,10.1613130569458,6.18580436706543,0.365,0.2075,0.4275
2.461027679456569,0.0008225616128554027,3.8962676525115967,20.307703018188477,5.691903114318848,0.285,0.515,0.2
3.016307048056678,0.0013843698849489914,3.7745368480682373,8.654129028320312,2.362642765045166,0.375,0.175,0.45
4.140501858587957,0.0002343059459851533,4.8533477783203125,41.53590393066406,4.768050670623779,0.26,0.4475,0.2925
3.7230917789840903,0.0013903357976896172,4.400415420532227,15.25335693359375,4.90159273147583,0.5225,0.15,0.3275
9.147847261371444,0.0014516380502718502,4.9405951499938965,24.09107780456543,3.955124616622925,0.35,0.205,0.445
10.834585858223383,0.0001869700987733997,2.279980182647705,6.816372394561768,6.9245924949646,0.58,0.2225,0.1975
5.441052111818842,0.000617274414237701,3.421260118484497,19.669824600219727,4.490894794464111,0.36,0.29,0.35
1.0962091152773614,8.296082699357362e-05,4.422905921936035,67.28801727294922,2.6046812534332275,0.2925,0.3075,0.4
7.011487889626302,0.0002541203516027923,6.6742844581604,3.5881166458129883,6.058442115783691,0.38,0.1575,0.4625
12.80676045213983,0.00039087342404554783,5.500609397888184,62.82102584838867,4.098753929138184,0.33,0.42,0.25
10.58600011966306,0.0008165626948985284,6.183675289154053,45.25148010253906,4.190386772155762,0.1875,0.55,0.2625
3.6265600340422623,0.001157304501252158,3.391671895980835,32.783626556396484,5.7191925048828125,0.35,0.265,0.385
4.7726043239383875,0.0009175722683089354,3.798736095428467,41.825382232666016,3.666343927383423,0.495,0.16,0.345
1.0672926190964096,0.00048128727828749326,3.2821342945098877,7.068933010101318,3.636385679244995,0.3575,0.3025,0.34
0.17137669712541367,0.0007181177097491435,4.31460428237915,2.0690011978149414,2.997068405151367,0.2725,0.185,0.5425
3.3906687707038867,0.0009432751291474671,3.5255470275878906,6.92183256149292,4.263922214508057,0.3125,0.24,0.4475
7.116018023950017,0.00046238325046552405,4.492533206939697,0.8379164934158325,2.5041000843048096,0.33,0.235,0.435
11.655876498301563,0.0006538481693781731,4.15669059753418,57.406864166259766,3.464557647705078,0.295,0.39,0.315
7.075794083855698,0.00023736983987841223,3.3648264408111572,23.982410430908203,3.955230474472046,0.43,0.205,0.365
4.845221534114412,8.641575390264926e-05,6.793553352355957,29.75615692138672,6.115353107452393,0.3575,0.165,0.4775
13.409863013674173,0.0010425869351096775,6.221157073974609,43.152408599853516,6.171278476715088,0.42,0.1775,0.4025
3.1535000522136505,0.0005307731366648992,5.711080074310303,13.135659217834473,6.334390163421631,0.475,0.3075,0.2175
3.913596496394521,5.115654058456265e-05,3.9307398796081543,29.802900314331055,3.879917621612549,0.2575,0.43,0.3125
7.580135449544484,0.0006232037681727871,7.559891223907471,33.07838439941406,6.276829719543457,0.25,0.46,0.29
1.656082955378878,0.000159215171272081,5.195797443389893,6.42084264755249,4.814151287078857,0.2925,0.475,0.2325
5.382107517104087,0.00012349420484747037,3.630378484725952,19.436676025390625,3.1678621768951416,0.435,0.195,0.37
1.8085097743930103,4.805504417597583e-05,5.853656768798828,33.038917541503906,5.85159158706665,0.1775,0.6425,0.18
1.7719139823977983,0.0003500728613679552,5.465536117553711,39.97730255126953,2.2605836391448975,0.185,0.265,0.55
3.042768651474078,0.00019631563241269873,5.196363925933838,35.077308654785156,4.51526403427124,0.205,0.4325,0.3625
10.282388047814779,0.0006268586274197043,2.282850980758667,13.733086585998535,3.5886714458465576,0.5,0.16,0.34
7.634875193455434,8.745839211052256e-05,3.6072998046875,9.746464729309082,3.652432918548584,0.44,0.2725,0.2875
0.9386393518076382,0.00024897310623899605,3.823831081390381,3.037876605987549,3.3689448833465576,0.3525,0.1725,0.475
9.885436335947528,0.000633925487571562,2.2727620601654053,34.13584518432617,3.0618371963500977,0.505,0.1675,0.3275
8.001465092335152,0.0007571728772613788,3.111443281173706,8.501628875732422,3.886828899383545,0.355,0.2325,0.4125
1.4386808636980588,0.000279325256476808,7.341481685638428,19.047609329223633,6.171745300292969,0.1775,0.5375,0.285
8.017258011163314,0.0005144554234647822,5.142293930053711,29.692134857177734,3.2425496578216553,0.2125,0.4025,0.385
2.6603287880375293,8.04552876030615e-05,2.475806951522827,5.52773904800415,5.433802127838135,0.435,0.325,0.24
3.29265511292383,0.0011741996013911878,4.100766181945801,33.199363708496094,4.997965335845947,0.4275,0.31,0.2625
6.320938114388628,0.000874046901926009,3.9972047805786133,29.18492889404297,3.960430383682251,0.315,0.1725,0.5125
6.465121540637429,6.74344674500912e-05,4.824709415435791,7.822675704956055,4.703582286834717,0.4525,0.285,0.2625
9.663628479038797,5.494264474574867e-05,4.864578723907471,14.650815963745117,2.7283859252929688,0.2825,0.2275,0.49
9.350067489072117,0.0008016597639661328,4.496594429016113,7.277812480926514,5.961186408996582,0.6175,0.18,0.2025
7.670263795786695,0.00016021109201571937,6.930911540985107,47.154014587402344,3.5456066131591797,0.2675,0.415,0.3175
6.1611921800747105,0.0007645625100848277,2.977811813354492,39.67446517944336,4.254761695861816,0.3775,0.2775,0.345
0.2925386605862343,0.00043984211477090195,4.227525234222412,4.068363666534424,4.1603851318359375,0.4975,0.19,0.3125
8.377872506029185,0.0006337480975430905,5.308602333068848,7.865659713745117,3.462266206741333,0.3175,0.3075,0.375
2.8570305799185522,0.00024440974618989347,3.856877326965332,5.973878860473633,5.99574089050293,0.3,0.4075,0.2925
12.035007502482438,0.0013074531934781969,5.498580455780029,28.47908592224121,5.564864635467529,0.42,0.24,0.34
5.157567302746778,0.00038134518459401184,2.997889995574951,22.438051223754883,3.9525301456451416,0.475,0.1675,0.3575
8.868102783686401,0.0004633281405558045,2.9953277111053467,18.243650436401367,2.154083013534546,0.35,0.1825,0.4675
3.711737679789916,0.0004542990000462129,4.957132339477539,3.896134614944458,3.97149920463562,0.385,0.3375,0.2775
1.9294787429936402,0.0009908072738973833,4.662603378295898,29.11868667602539,4.79746150970459,0.48,0.21,0.31
3.259393525298057,0.0007881109092941957,5.3802170753479,27.295366287231445,2.6320862770080566,0.39,0.2,0.41
7.848032806618665,0.0001381722526130555,5.805346488952637,27.157564163208008,5.242343425750732,0.365,0.325,0.31
0.029308583805207854,0.0005824859175207214,3.7566421031951904,28.950210571289062,2.914721965789795,0.295,0.19,0.515
3.0518358547508226,0.0004319669565314933,4.434185981750488,47.06766891479492,2.978923797607422,0.325,0.2975,0.3775
2.0465688730620912,0.00010799848628566994,2.213318347930908,30.233354568481445,6.118256092071533,0.505,0.2875,0.2075
1.1833868802801688,0.0002153951998603008,3.0405101776123047,13.74715805053711,3.6764867305755615,0.43,0.285,0.285
2.2289815681124,0.0009883314297286017,5.298972129821777,4.4228386878967285,2.514069080352783,0.3325,0.2475,0.42
7.744007358631829,0.000967464828033591,3.65462589263916,45.163902282714844,2.894489288330078,0.29,0.3375,0.3725
1.9386899188596265,0.00037461763174583343,4.649845600128174,58.44695281982422,4.456736087799072,0.3425,0.255,0.4025
8.228055851584763,3.550369722014826e-06,2.9051074981689453,5.338266849517822,6.681957244873047,0.3525,0.235,0.4125
4.370207265533422,0.0001348944942096593,5.214356899261475,28.599010467529297,5.6759724617004395,0.325,0.39,0.285
5.425830570122741,0.00014300426759964743,2.703301429748535,53.659812927246094,5.4619951248168945,0.4375,0.1825,0.38
3.5578327507023855,0.00020935472337174648,2.5723824501037598,3.5948755741119385,6.234791278839111,0.4525,0.2275,0.32
3.247579882816193,0.00023251344849830482,3.7537693977355957,0.09655874222517014,3.1482725143432617,0.365,0.1725,0.4625
4.807540339973707,0.0006409156396823028,3.158639669418335,33.49449157714844,6.394911289215088,0.3625,0.2825,0.355
2.7132591617102326,0.00011974634911971606,4.694249629974365,15.314661026000977,3.4867899417877197,0.375,0.3275,0.2975
2.8165267404557586,0.00011191733566660893,3.4269888401031494,23.84196662902832,2.591068983078003,0.3025,0.16,0.5375
10.564199395168046,0.0010026232119649447,6.557746410369873,4.279109477996826,3.4325315952301025,0.225,0.18,0.595
6.8586761042441395,7.703671250371892e-05,5.974164962768555,21.934249877929688,4.572818279266357,0.29,0.3475,0.3625
4.030964078679962,0.00046565433520424866,4.62433385848999,11.268301010131836,5.585860729217529,0.2875,0.25,0.4625
9.959651515260832,0.0011730865072503258,5.315682888031006,7.650989532470703,3.3512966632843018,0.21,0.465,0.325
9.938733221751264,0.0002255712949509711,6.261075019836426,19.259077072143555,3.542987823486328,0.2275,0.4525,0.32
0.8402179851463054,0.0008712543802995391,4.569240570068359,16.838359832763672,3.283879041671753,0.315,0.3225,0.3625
4.733455830620486,0.0006453428436963745,4.110862731933594,7.240255355834961,4.15922737121582,0.2625,0.1675,0.57
7.019654805562846,0.0009435755677731926,3.5614559650421143,20.219284057617188,4.482761383056641,0.385,0.2775,0.3375
4.9482434050292365,0.0011728092328199948,4.43162202835083,4.604788780212402,4.869677543640137,0.3175,0.33,0.3525
7.480020024642509,0.0009044003410349487,4.848836898803711,14.13726806640625,3.560793161392212,0.3175,0.2225,0.46
4.424055798889388,2.959361413178221e-05,3.5645785331726074,6.071720123291016,4.325832843780518,0.445,0.25,0.305
6.077795231177954,0.00043684625716467726,4.659510612487793,5.949456691741943,5.475998401641846,0.405,0.375,0.22
0.7881703619197048,0.0005483693861705297,5.071470737457275,34.023887634277344,2.73303484916687,0.2325,0.2625,0.505
0.8363693454729373,0.0003001273385049611,4.374321460723877,4.8913044929504395,5.159543991088867,0.3875,0.2325,0.38
10.503716485071623,0.00041310083390306223,6.069138526916504,0.8009144067764282,4.003926753997803,0.19,0.2725,0.5375
2.9124381154090284,0.0007900407856940383,4.806492328643799,47.44690704345703,4.669153690338135,0.315,0.425,0.26
5.832675598561831,0.0007989148580013022,3.958439350128174,21.643413543701172,4.3043293952941895,0.3425,0.225,0.4325
2.3435353225443465,0.0003354094242012359,1.994883418083191,15.109125137329102,6.31247091293335,0.5225,0.29,0.1875
5.629722588380308,0.00042279356230396015,4.065303802490234,20.54029655456543,5.2773356437683105,0.47,0.1525,0.3775
6.4072882735288275,0.0007525073891609025,3.272440195083618,15.60965633392334,3.596331834793091,0.4375,0.195,0.3675
7.436439455458803,0.0007347321054492336,5.15501594543457,15.752701759338379,4.810698986053467,0.24,0.4325,0.3275
2.012475899964751,0.0005559600450574583,5.048690319061279,52.243045806884766,4.227659702301025,0.425,0.235,0.34
2.790517412802919,0.0009759294739899841,4.232322692871094,5.892103672027588,4.259573936462402,0.345,0.3325,0.3225
0.8760443062963803,6.26847600342979e-05,2.131885051727295,17.09189224243164,4.041043758392334,0.515,0.215,0.27
2.8176598188293815,0.0005916458238653198,2.7816474437713623,18.278085708618164,6.273177623748779,0.5175,0.2975,0.185
7.092304180762883,0.00019754597158886539,6.5325493812561035,33.297916412353516,5.2777791023254395,0.1975,0.1975,0.605
5.956849395618629,0.0005903640803837791,4.585453987121582,6.757638454437256,2.919461727142334,0.3125,0.3075,0.38
1.4996186275337033,5.2443012614047894e-05,5.114965915679932,4.974750518798828,2.365309000015259,0.31,0.25,0.44
7.162136291464808,0.0009407527509964775,2.9213790893554688,15.808679580688477,5.0306620597839355,0.375,0.3025,0.3225
6.866617834892329,0.0005984706163695692,4.195462226867676,13.949006080627441,3.2240688800811768,0.3025,0.34,0.3575
6.913877131757923,0.0007309484798784646,2.6761415004730225,2.0555388927459717,5.407439708709717,0.4425,0.33,0.2275
10.141533573299615,0.0010185896506531933,6.986318111419678,8.761444091796875,4.239605903625488,0.2825,0.31,0.4075
6.671652219757367,0.0010830926168001942,3.443197250366211,34.951412200927734,3.2836742401123047,0.4075,0.15,0.4425
6.614728200774756,0.0004171839342887053,5.403432846069336,19.334606170654297,4.0807366371154785,0.4525,0.205,0.3425
2.464894572432844,7.449002423497167e-05,3.5263590812683105,2.559213399887085,2.9535255432128906,0.425,0.15,0.425
7.117967559935102,5.6169975866259685e-05,2.3065786361694336,11.47671127319336,4.597811698913574,0.4475,0.235,0.3175
9.151691911680418,0.000712013339371431,6.99311637878418,3.2182347774505615,4.372432231903076,0.2225,0.415,0.3625
2.3207890878104647,0.0009854125332489432,2.561807155609131,3.757291316986084,5.491672039031982,0.4275,0.2425,0.33
6.0687574427808855,0.00043974729680241,5.02156400680542,30.091808319091797,3.1489388942718506,0.3825,0.24,0.3775
6.061044870389256,0.00023107673991900875,2.1712026596069336,22.781240463256836,6.923325061798096,0.535,0.2975,0.1675
3.2881101481279855,0.0008905326062469447,3.77822208404541,5.647622108459473,4.037369728088379,0.3975,0.2275,0.375
1.699805279981448,0.0006279804897553888,4.495717525482178,2.752145528793335,3.1387603282928467,0.415,0.2275,0.3575
8.23639277982612,0.00025949176721527204,3.8209288120269775,3.4267184734344482,5.675617694854736,0.4575,0.3275,0.215
5.895285958983772,0.00033938345812337367,2.299553155899048,11.890084266662598,6.199631214141846,0.4925,0.1825,0.325
2.81396294002319,0.0006190300676604229,3.2760820388793945,25.908321380615234,4.36600923538208,0.48,0.1625,0.3575
2.813240529354628,0.00036734239237655995,3.3101189136505127,3.533667802810669,6.072470188140869,0.33,0.4675,0.2025
3.433102962404348,3.50282165973023e-05,4.461153984069824,18.787996292114258,2.7989606857299805,0.36,0.205,0.435
11.359372116909327,0.00039537763510516543,3.61100435256958,25.63433074951172,6.870729446411133,0.295,0.2925,0.4125
4.571676602649793,0.00020212682664543275,5.472740173339844,29.139392852783203,4.574725151062012,0.5775,0.2,0.2225
10.740024692563903,0.0003149919920209971,3.545893907546997,1.187719702720642,5.268706798553467,0.4525,0.1675,0.38
7.951555816369387,0.0009149814280759232,6.076494216918945,25.703189849853516,2.6756529808044434,0.21,0.1525,0.6375
5.288802297231026,0.0007625749731842487,4.610585689544678,5.653116226196289,6.438321590423584,0.44,0.25,0.31
2.370220693341565,7.374991806284043e-05,2.9953293800354004,28.972854614257812,7.0991668701171875,0.355,0.2925,0.3525
4.6833373744511855,0.0009148949901210727,4.683286666870117,4.598828315734863,4.312271595001221,0.33,0.265,0.405
9.659660625225328,0.0001785143962230254,4.5071611404418945,28.384384155273438,2.387650728225708,0.2325,0.205,0.5625
3.186225298164041,0.0007554345905556136,2.6103169918060303,0.5174950361251831,3.9592227935791016,0.415,0.2725,0.3125
1.8511862144583702,0.000800934843328784,2.2170047760009766,11.588835716247559,5.4210004806518555,0.515,0.2275,0.2575
9.721984175011764,0.0009127238240892212,5.1361985206604,24.882619857788086,4.982332229614258,0.1975,0.5225,0.28
4.881518792470206,0.0011108763193204566,5.435962200164795,15.661569595336914,3.8131821155548096,0.405,0.2275,0.3675
10.515222107512738,0.000605776729030244,2.917480230331421,13.725615501403809,7.910697937011719,0.4,0.2,0.4
0.6858697946813331,0.00041749205982941664,3.591111660003662,18.691862106323242,3.4243555068969727,0.3325,0.155,0.5125
13.067856830888447,0.0007816642015580081,4.711960315704346,15.495295524597168,3.500802516937256,0.42,0.1875,0.3925
2.964667675618473,0.00010078451233008083,2.014113664627075,53.012428283691406,4.236593723297119,0.5825,0.18,0.2375
0.5257357224470759,0.0005851768882057976,4.484719753265381,16.466888427734375,4.402448654174805,0.4225,0.3325,0.245
9.063747264438314,2.843229236288939e-05,3.346132278442383,10.743805885314941,3.644022226333618,0.5425,0.1575,0.3
2.2341017969885946,0.0009466640099759639,5.1478166580200195,7.646478176116943,2.710047960281372,0.2,0.22,0.58
11.416613757317409,0.0010829656828575326,4.356723785400391,5.793330669403076,2.4286048412323,0.2375,0.265,0.4975
4.108544258249471,0.0007256024779122711,4.356626510620117,15.797189712524414,4.077816963195801,0.24,0.2,0.56
9.17088021632415,0.0009139909233958418,5.227747440338135,32.831966400146484,6.43794059753418,0.305,0.495,0.2
11.841418274694925,0.0004401718147263147,3.64636492729187,21.8521728515625,2.8632822036743164,0.435,0.1875,0.3775
5.5228848964138155,0.00036045865324582703,5.265139579772949,14.911885261535645,4.237969398498535,0.2425,0.5075,0.25
3.7176601415582526,0.0006590033408636433,3.4597480297088623,8.118791580200195,3.167097806930542,0.455,0.2125,0.3325
6.448874004824146,0.00045721378144975683,5.84743595123291,20.887235641479492,4.163133144378662,0.2775,0.475,0.2475
6.301683220644028,0.0001462920810012261,3.8064470291137695,8.651742935180664,4.7175612449646,0.4725,0.1725,0.355
3.776039963055735,0.00015324449622182082,2.3661067485809326,33.55027389526367,5.213065147399902,0.45,0.27,0.28
5.1447076810160555,0.0004072149117244967,3.2389044761657715,13.082330703735352,4.9602131843566895,0.34,0.4375,0.2225
2.455961156491393,0.0007514680341796278,4.1168293952941895,18.350223541259766,5.807040691375732,0.61,0.2075,0.1825
6.2944730678561065,0.00010408433652855767,4.926846027374268,5.064769268035889,4.266200542449951,0.48,0.185,0.335
3.1639766565523955,0.000841085781433696,5.255081653594971,35.952640533447266,3.8024978637695312,0.34,0.3225,0.3375
7.011325494027951,0.00044183159204633416,7.17336368560791,25.46755599975586,4.32418155670166,0.5275,0.225,0.2475
9.761733767891792,0.0005930357004169635,3.8538808822631836,3.488663911819458,4.5977678298950195,0.3,0.215,0.485
7.871535193141435,1.3303246286510135e-05,3.574695587158203,34.701255798339844,3.1922671794891357,0.35,0.305,0.345
4.955176542880639,0.00046808525986307613,7.037566184997559,7.726320743560791,3.2656197547912598,0.2,0.3025,0.4975
7.214849848567858,0.0009227092013695611,5.437976360321045,24.97577667236328,4.194457530975342,0.2275,0.325,0.4475
2.213962382555824,0.00032734014755704457,3.3724451065063477,16.022125244140625,3.8300511837005615,0.475,0.25,0.275
6.4472179444575275,0.00104178421347163,3.6761510372161865,5.864608287811279,3.3145642280578613,0.34,0.2625,0.3975
7.326601183886908,0.0003577888850982941,5.639880657196045,15.343947410583496,3.0493223667144775,0.3725,0.155,0.4725
2.211572450360792,0.000656395994797332,6.229248523712158,23.80011749267578,5.105527877807617,0.245,0.205,0.55
3.4363194623129503,0.00047673619628645786,5.926896572113037,45.20637893676758,2.30141544342041,0.2825,0.19,0.5275
3.612558216546798,0.0006436281806323769,4.145134925842285,22.676677703857422,5.78879451751709,0.43,0.3225,0.2475
9.60661502924735,0.0011978862738860527,4.554977893829346,30.78574562072754,3.5025346279144287,0.43,0.1925,0.3775
1.6996144281561878,0.00016683003100690042,6.011397838592529,33.794960021972656,2.7332873344421387,0.32,0.225,0.455
9.335782021935199,0.0008846933325258817,5.101848125457764,3.9723548889160156,3.2970802783966064,0.2475,0.2525,0.5
2.6661440575646944,7.139660859028417e-05,3.4366743564605713,34.84852981567383,2.914539337158203,0.435,0.21,0.355
7.424590893295332,0.00026691528660655067,4.716609001159668,48.590213775634766,3.446181058883667,0.3325,0.2125,0.455
5.768960028596682,0.0007512775888777665,4.727645397186279,24.9973201751709,4.434597969055176,0.3175,0.165,0.5175
1.1829415262049048,0.000723384999188954,2.8571889400482178,0.10802994668483734,2.8587350845336914,0.3525,0.2775,0.37
2.05749151274493,0.0003063802404529072,3.8148460388183594,2.653445243835449,2.92450213432312,0.3175,0.3,0.3825
9.033168095065019,0.0007000089128592835,4.7469658851623535,11.820740699768066,3.9008805751800537,0.2425,0.2225,0.535
4.758567056065095,0.0005618729590468157,2.9665603637695312,44.87653350830078,4.756678581237793,0.3825,0.1825,0.435
5.482634714456054,0.0012094266339477068,3.4287919998168945,14.737061500549316,6.262325286865234,0.4375,0.265,0.2975
6.991941468463466,3.6360595756178694e-05,6.076257228851318,12.29831600189209,4.7253947257995605,0.1675,0.4575,0.375
3.864188190971096,0.00045706427586742415,5.777746200561523,6.926408290863037,3.5176291465759277,0.2325,0.3,0.4675
7.710526831553268,0.0005028213716038313,5.820072174072266,18.023488998413086,2.6781675815582275,0.1925,0.325,0.4825
1.513056890585261,0.0003816743344127351,2.7464284896850586,31.93108558654785,4.308777332305908,0.54,0.19,0.27
4.924137817386202,0.000532648120106232,2.324687957763672,5.435009479522705,4.493805408477783,0.4625,0.1575,0.38
8.0818309662573,0.0007281618221073045,4.089003562927246,12.26396656036377,4.136918067932129,0.3,0.2175,0.4825
2.5340347526911122,0.0004914087926007285,3.8845551013946533,25.920772552490234,5.427558422088623,0.2575,0.3025,0.44
6.3805957410883165,0.0010034014154487719,6.068262100219727,22.358036041259766,5.144450664520264,0.2975,0.3675,0.335
6.337083187874898,0.00024752739356506047,3.532668113708496,21.475065231323242,5.711637496948242,0.49,0.2925,0.2175
6.699840886922962,0.000596771239422497,2.3942809104919434,25.359760284423828,5.550127029418945,0.4575,0.2275,0.315
1.5897048119242356,0.0003516858913416273,5.86531925201416,29.71897315979004,5.244913578033447,0.24,0.44,0.32
11.01335180280428,0.00022475862378078566,4.2765302658081055,40.730316162109375,3.0226924419403076,0.335,0.245,0.42
7.359568686487761,0.0009191756561457967,4.394224166870117,2.5236916542053223,3.478400230407715,0.3175,0.38,0.3025
1.0196858950912202,0.0006347392535117148,3.8734846115112305,7.0355544090271,2.9645557403564453,0.3925,0.2575,0.35
5.960624209391351,0.0008491147596869166,5.244797706604004,5.192538738250732,3.615501642227173,0.2675,0.2525,0.48
12.14938878757758,0.0005790132120579553,2.7786335945129395,14.017908096313477,3.6448049545288086,0.4475,0.24,0.3125
4.958693567632716,4.108294645973834e-05,4.52357816696167,22.541704177856445,3.6263279914855957,0.4625,0.1925,0.345
1.4072356683525165,0.0004934401118479431,2.466322422027588,43.02059555053711,6.154747009277344,0.4825,0.325,0.1925
7.3384640346712935,4.060111958846702e-05,3.5323805809020996,21.355613708496094,6.548605918884277,0.36,0.215,0.425
1.215760425806904,0.00018368055972358414,4.802083969116211,8.71990966796875,3.0528526306152344,0.23,0.285,0.485
8.183711221259756,0.00011610517368758101,3.6870951652526855,12.842706680297852,4.907906532287598,0.54,0.1725,0.2875
3.677280769533098,0.000507097459865102,2.915771245956421,6.80369758605957,3.4687626361846924,0.3675,0.34,0.2925
3.1582464179784684,0.0009270710726736041,3.236847400665283,5.438105583190918,5.134349346160889,0.5275,0.1925,0.28
2.3206141415380865,0.0003395861290141571,4.496943950653076,7.745241165161133,5.403107166290283,0.515,0.2975,0.1875
6.4634374121882585,0.0011033711363263605,4.491713047027588,20.65270233154297,3.5177161693573,0.53,0.165,0.305
10.527930578923083,0.0009422883846397688,4.8490190505981445,17.52457618713379,3.1476547718048096,0.3425,0.27,0.3875
4.711000121366861,0.0011285820844257196,3.087585687637329,4.475589752197266,6.515350818634033,0.51,0.265,0.225
6.5529393965640255,0.0001217438992484441,4.228493690490723,38.38140869140625,2.707235336303711,0.35,0.175,0.475
7.392876030344296,0.0003749300768624736,3.1714115142822266,35.73088836669922,5.275750160217285,0.37,0.245,0.385
4.546830817668599,0.001454503977653486,5.061130523681641,0.6215915679931641,3.3541224002838135,0.4225,0.255,0.3225
1.9890487709479467,0.000797042080945013,6.352903842926025,34.38457489013672,3.0592901706695557,0.355,0.27,0.375
0.5638531503014778,0.0005699177514408008,3.4883193969726562,15.16391658782959,5.163813591003418,0.4175,0.2625,0.32
6.424233169933354,1.6864092975050683e-05,6.882336139678955,42.07668685913086,3.6305840015411377,0.3825,0.2025,0.415
9.30162197553668,0.00018864773125993952,5.127687931060791,33.405330657958984,4.846927642822266,0.2,0.4525,0.3475
3.9431906063220694,0.000931342373267187,4.070179462432861,37.731781005859375,4.592541694641113,0.55,0.195,0.255
6.131145087645714,0.0003170322495284664,7.613417148590088,34.833492279052734,2.1727793216705322,0.15,0.1775,0.6725
7.921683843793118,0.0004402823761177614,7.061219215393066,43.397830963134766,5.638612747192383,0.1875,0.1725,0.64
9.16780179233154,0.00025667973484133546,4.193246364593506,23.67182731628418,5.685291290283203,0.2725,0.15,0.5775
11.470674466123393,0.00026464541377356965,5.368337154388428,4.40173864364624,4.816215515136719,0.435,0.3025,0.2625
5.005425691783773,0.00021222956928910637,2.707277297973633,21.690317153930664,6.580235481262207,0.38,0.165,0.455
5.4997103422274325,0.00019208554865958786,3.2309954166412354,2.319756507873535,5.0222673416137695,0.41,0.32,0.27
3.678619387356411,0.0002756396704839427,6.52105712890625,26.242149353027344,4.908955097198486,0.335,0.375,0.29
1.6715621044278843,0.00023824699810263449,3.0343620777130127,25.22890281677246,3.0286951065063477,0.33,0.1725,0.4975
8.702262353272733,0.00031108160839975185,2.379054307937622,15.519458770751953,4.690676689147949,0.4225,0.3275,0.25
8.894839511360383,0.001196697180499859,3.3565382957458496,43.60873031616211,4.4992241859436035,0.56,0.1925,0.2475
6.473505083449932,0.0004054313548909681,3.445641279220581,16.045259475708008,3.121645927429199,0.385,0.2175,0.3975
7.522406911846097,0.0012221530301881208,5.566337585449219,14.679076194763184,5.342169284820557,0.4375,0.23,0.3325
12.049015011287576,0.00016251384778991862,4.052901744842529,13.809470176696777,3.911817789077759,0.285,0.335,0.38
1.0210096485830122,0.00022925824291438455,3.592613458633423,1.7569280862808228,5.976605415344238,0.3475,0.4425,0.21
0.44135364912920366,0.0007287114092562728,3.8630762100219727,3.9301230907440186,2.293491840362549,0.29,0.2475,0.4625
2.2664043152744506,0.00013361024357363475,3.4162659645080566,31.432069778442383,4.529823303222656,0.3225,0.2725,0.405
1.0230929218086031,6.338041941407624e-05,5.264809608459473,2.1948258876800537,3.7502212524414062,0.2675,0.2475,0.485
0.778942669154361,0.0005524185425943847,3.0592262744903564,29.783090591430664,4.23668909072876,0.4225,0.1575,0.42
7.240893933052593,3.610346300619498e-06,4.287252902984619,23.79560661315918,3.724713087081909,0.3675,0.2125,0.42
4.360705427432077,0.000897044871665225,3.5667266845703125,0.25489452481269836,6.089075565338135,0.3025,0.265,0.4325
6.255761954001302,0.00048727241253752017,6.017596244812012,25.611961364746094,3.367173433303833,0.33,0.35,0.32
6.250065950194674,0.0006659950002547108,2.8475987911224365,0.297184556722641,4.737036228179932,0.3875,0.2175,0.395
4.10651172158103,0.00025628055478130266,2.8279268741607666,6.917812347412109,5.473013877868652,0.44,0.2575,0.3025
10.50649360142884,0.00012514051616951553,4.773358345031738,33.29197692871094,7.352907180786133,0.225,0.3775,0.3975
1.989713123281926,0.0006482479158780925,5.133609294891357,14.097314834594727,2.358112335205078,0.2525,0.24,0.5075
6.15698110612809,0.0012093234850001767,2.6319286823272705,28.414533615112305,4.687752723693848,0.6075,0.1725,0.22
2.8016846537815705,0.0007511693241384626,2.67193603515625,30.53242301940918,4.4353814125061035,0.445,0.2125,0.3425
7.116374451113852,0.000623011073410141,2.1583664417266846,23.857030868530273,5.488610744476318,0.545,0.205,0.25
5.73012737826037,0.0002897243200316334,2.8468968868255615,40.44152069091797,2.3999686241149902,0.385,0.1925,0.4225
9.602172692173074,0.0006346930965214053,5.300724983215332,20.58831024169922,1.8871936798095703,0.2625,0.1975,0.54
1.9353043516307835,0.0011322612125169117,3.5453503131866455,40.12903594970703,4.035284519195557,0.415,0.32,0.265
2.263900482125639,0.0007919120621677815,4.550033092498779,11.342019081115723,3.7909770011901855,0.3825,0.3225,0.295
4.368793240297468,0.00038681784686652734,4.403006076812744,7.044105529785156,4.358499526977539,0.28,0.23,0.49
0.7129511074755662,0.0012787255460149972,3.9268341064453125,3.3549890518188477,5.37339973449707,0.415,0.3325,0.2525
1.5320753727979273,0.0007577302279155566,6.201350688934326,2.699625015258789,3.6866812705993652,0.2825,0.3075,0.41
6.366491659672159,0.00022063725218662408,4.018645286560059,55.0196533203125,3.994086980819702,0.2825,0.4625,0.255
12.193731530399159,0.000797629669631168,2.551069736480713,4.078909873962402,5.480317115783691,0.395,0.21,0.395
3.5845486334315564,0.0006982635603989052,4.153803825378418,6.804704189300537,2.739095449447632,0.2675,0.29,0.4425
4.972027057231024,0.0011650194557623875,5.7624969482421875,5.625804424285889,6.290586471557617,0.385,0.1675,0.4475
1.3391390427643577,0.0003806056641376618,2.5747227668762207,15.081365585327148,3.934234142303467,0.4375,0.215,0.3475
4.506500080107793,0.0010412545910347146,2.7081429958343506,19.990739822387695,5.314953804016113,0.4,0.355,0.245
8.226476168907006,0.0007774691964259248,3.5688304901123047,21.34725570678711,4.845259666442871,0.3,0.3525,0.3475
1.646405487190646,0.0013336824218842822,4.127418041229248,9.352030754089355,5.136096000671387,0.2725,0.19,0.5375
1.5887269587258988,0.0011012419754931704,6.113425254821777,10.762728691101074,2.8429057598114014,0.27,0.2125,0.5175
0.6161103754962891,0.0001337663205579447,6.571578025817871,1.4330159425735474,4.831806182861328,0.1725,0.62,0.2075
1.941804063130354,0.0003146797580010351,4.379800796508789,25.682247161865234,5.428057670593262,0.36,0.2525,0.3875
5.097777394024673,0.0010015023505535502,4.431441783905029,53.008323669433594,5.447737216949463,0.345,0.33,0.325
5.9476397805367,0.00015973399385449367,3.9220192432403564,19.733488082885742,4.864840507507324,0.2975,0.2275,0.475
10.465926610831758,9.146521900204742e-05,3.222297430038452,61.78887176513672,6.2308783531188965,0.435,0.3275,0.2375
2.9961286424041393,0.001060785692816691,3.9362850189208984,26.371173858642578,5.831541061401367,0.3875,0.365,0.2475
12.220145575002373,0.00016415008001106343,4.69626522064209,44.11159133911133,2.140307664871216,0.245,0.1675,0.5875
1.1501207590621823,0.0004902046512279772,4.801634311676025,4.389520168304443,5.931402683258057,0.2375,0.43,0.3325
9.452819682295294,0.0010140942446351016,4.929354667663574,6.019021511077881,4.537383079528809,0.56,0.1625,0.2775
7.716735620584643,0.0005792658035199381,4.046907424926758,19.712942123413086,3.351653575897217,0.2625,0.1875,0.55
4.656840931572552,0.00033172018131173286,2.2510111331939697,1.6429133415222168,4.617386817932129,0.5125,0.2075,0.28
6.160815478585661,0.00016977497257625296,2.9779739379882812,10.023568153381348,3.313365936279297,0.425,0.27,0.305
0.6168015140654327,0.0003011408469519229,3.5832765102386475,17.41900062561035,5.168417453765869,0.3075,0.2525,0.44
5.21574415475333,0.00029984094928308877,5.734741687774658,25.830564498901367,2.8568341732025146,0.2275,0.27,0.5025
4.227513709248734,0.0010365807798078488,4.300623416900635,28.213245391845703,4.210470199584961,0.37,0.39,0.24
3.2908285679821847,0.00020906468269731796,3.5629520416259766,23.098522186279297,6.902522087097168,0.33,0.39,0.28
2.0139158977598766,0.0007567730150181667,4.898959636688232,12.161835670471191,3.594202756881714,0.4175,0.18,0.4025
8.327094763782481,0.000253098393350117,2.278101682662964,0.7015246748924255,5.258455276489258,0.4625,0.305,0.2325
4.657118928978668,0.000900609574370599,4.368165016174316,1.939101219177246,4.18843412399292,0.3925,0.3425,0.265
5.207938300853537,5.367961421955793e-05,5.617135047912598,18.72727394104004,5.276588439941406,0.355,0.4125,0.2325
2.185498782954797,0.0010437546762257137,6.655049800872803,32.34910583496094,4.107127666473389,0.3175,0.415,0.2675
2.069678192571106,0.0008287343527796326,5.322965621948242,14.101279258728027,4.866814613342285,0.355,0.16,0.485
9.601854138402299,0.00019941826776559058,4.244508743286133,37.003814697265625,5.819257736206055,0.4025,0.175,0.4225
6.818135775092365,0.0009477224042636948,4.713253021240234,4.125504970550537,3.2857749462127686,0.4175,0.1775,0.405
4.305075142839493,0.0007548506864315666,4.364274024963379,28.642934799194336,5.396666526794434,0.6225,0.17,0.2075
1.399618643414661,0.001031842911463194,4.154909610748291,13.462695121765137,2.7273378372192383,0.285,0.275,0.44
6.716869388348492,0.0004277042137753668,2.3554134368896484,1.411329984664917,3.5276403427124023,0.4525,0.2,0.3475
5.980035467450652,0.00012617569238235486,3.4991610050201416,49.85019302368164,2.1056602001190186,0.3025,0.2225,0.475
9.856768392414034,0.0007776138193962774,3.0381035804748535,7.004206657409668,5.572995662689209,0.3375,0.41,0.2525
0.5440117745610131,0.0005891666049630649,3.1283974647521973,4.244122505187988,3.9689278602600098,0.48,0.2625,0.2575
1.9949637854958542,0.00045976730584597607,3.2140653133392334,3.7538557052612305,4.068788051605225,0.34,0.2225,0.4375
6.1109549717934835,0.0005504407118473251,2.79461669921875,7.23105525970459,4.264676570892334,0.435,0.18,0.385
10.754250751594483,0.0011651428541855843,4.133790969848633,45.5449333190918,5.885601043701172,0.32,0.445,0.235
6.2696769985232,0.0004716299087749671,4.507970333099365,12.52001953125,3.991978406906128,0.3875,0.22,0.3925
1.4327452817167243,0.00011994189868790005,4.309839248657227,13.40150260925293,2.789548635482788,0.345,0.2,0.455
0.06038380426785738,0.00018872719078812935,3.0201191902160645,58.95542907714844,5.479317665100098,0.3525,0.27,0.3775
2.0185343171452907,0.0003574776094411063,2.527017831802368,36.846378326416016,2.9006147384643555,0.43,0.21,0.36
6.844906337584447,0.0012435086555116894,3.919508695602417,33.63282012939453,3.976703643798828,0.3225,0.42,0.2575
9.93190976885018,0.00042739459225334185,3.5175940990448,21.173696517944336,4.75757360458374,0.575,0.1525,0.2725
6.085096509737529,0.0005875315415960446,5.646388053894043,12.038053512573242,5.248080730438232,0.335,0.26,0.405
8.948412045506176,0.0001426967409664805,5.194025039672852,23.018394470214844,4.567476749420166,0.2025,0.245,0.5525
7.820507050696473,0.00014882209366292492,6.379018783569336,0.2925480008125305,4.763519763946533,0.5025,0.21,0.2875
5.46322758504803,0.0003391046901768833,3.1499040126800537,40.01691818237305,3.901149034500122,0.42,0.2775,0.3025
4.657978306260854,0.0003175525869921777,3.648111581802368,13.311819076538086,4.358768939971924,0.405,0.225,0.37
2.976235362257841,0.0003790090869497199,3.074366807937622,7.312958717346191,4.587657928466797,0.4375,0.3,0.2625
6.433897718058719,0.0007591192841633287,4.298360824584961,10.738457679748535,3.9438419342041016,0.39,0.295,0.315
0.3407708025499731,0.0002989230355185874,3.589261293411255,40.107086181640625,5.095502853393555,0.4525,0.325,0.2225
13.357890677046363,0.0009392126205522772,2.323315143585205,18.75334930419922,4.87037992477417,0.44,0.295,0.265
4.328029428575868,0.0012957167115533685,3.7769277095794678,18.993213653564453,3.031195878982544,0.3925,0.1525,0.455
2.5530574863812396,0.0007391737744939693,5.3819756507873535,28.61036491394043,3.1548402309417725,0.3275,0.2875,0.385
1.6587490006148844,0.00010147405609031182,4.1631083488464355,13.140963554382324,2.8678927421569824,0.495,0.155,0.35
1.4790146301999036,0.0008430980376136458,4.773884296417236,17.645538330078125,3.6364691257476807,0.4125,0.19,0.3975
2.974926938590025,6.010333748148896e-05,6.817874908447266,12.43396282196045,3.453620433807373,0.165,0.46,0.375
10.925821008112392,8.768106308753397e-06,3.0250141620635986,5.713270664215088,5.651641845703125,0.4825,0.31,0.2075
6.186520794018629,0.0011207016721652666,2.877035617828369,11.237603187561035,4.666366100311279,0.4325,0.2875,0.28
5.11350957226715,0.0010694360891727727,3.807488203048706,49.32209014892578,3.2650609016418457,0.3875,0.215,0.3975
6.570550629625496,0.0012461572519028065,4.450603485107422,16.049118041992188,3.358527183532715,0.335,0.25,0.415
0.652644151453444,0.00044322986501597883,5.359050750732422,33.795963287353516,4.793375492095947,0.345,0.245,0.41
5.485034337816066,0.0003139224406916375,5.716250896453857,25.194734573364258,4.335190296173096,0.32,0.3825,0.2975
8.879830581945537,0.0006547277147818945,4.907827377319336,54.30638885498047,5.9969258308410645,0.5125,0.1575,0.33
8.471363347926411,0.00070519219869542,3.620891809463501,37.70573806762695,4.177535057067871,0.555,0.205,0.24
8.00851408939453,0.0002602264025537476,4.0262956619262695,8.982043266296387,3.009518623352051,0.4525,0.1675,0.38
7.187617146146092,0.00011881989307889997,2.5410661697387695,30.78065299987793,4.382112979888916,0.465,0.305,0.23
11.170720821679103,0.00020958867048074528,3.4119648933410645,2.0883395671844482,5.70098352432251,0.505,0.18,0.315
5.103761148673202,8.676785808047163e-05,4.039880752563477,1.0893515348434448,3.386960983276367,0.3525,0.2075,0.44
3.297942116299568,6.151676591408867e-05,6.894755840301514,31.101530075073242,5.080355167388916,0.3525,0.2575,0.39
2.452640620598222,5.680904097301384e-05,4.941848278045654,5.934695720672607,4.699401378631592,0.3125,0.2225,0.465
0.3983288562150691,0.000723893617145237,4.049777030944824,19.753841400146484,3.4307785034179688,0.355,0.2,0.445
9.567724924228385,0.0005904564007570315,2.789571523666382,28.145694732666016,2.6504015922546387,0.3925,0.16,0.4475
2.7454221866159187,0.0006598145560358934,4.531161785125732,13.52744197845459,5.277824878692627,0.25,0.4125,0.3375
5.084532277191315,0.0005863333482224417,4.2425994873046875,25.33220863342285,2.6595630645751953,0.2425,0.155,0.6025
2.01208930704912,0.0006887643172225427,5.0549139976501465,7.832584381103516,3.3066062927246094,0.2,0.42,0.38
3.196896257641377,0.00033403579308756117,4.562228679656982,3.557603359222412,6.01563835144043,0.22,0.3375,0.4425
6.206913482558038,0.000989957552320622,3.190612316131592,27.076095581054688,5.621324062347412,0.4125,0.3525,0.235
12.046357739042461,0.0008120563039038964,5.044389247894287,40.79289627075195,2.4962995052337646,0.405,0.18,0.415
3.4931401205351937,0.000655338965371017,6.507196426391602,31.72924041748047,7.1857829093933105,0.32,0.355,0.325
8.056534125844554,0.0004351943532640598,5.930457592010498,18.942394256591797,2.5381667613983154,0.2775,0.155,0.5675
3.928383456952516,0.0013017654208213264,2.0825417041778564,11.18591022491455,5.9161906242370605,0.5625,0.23,0.2075
3.9390476503184644,8.522704188420642e-05,3.953049659729004,3.550729274749756,3.0039241313934326,0.33,0.2525,0.4175
1.4861676199640366,0.00010874077037716613,6.148902416229248,16.232168197631836,3.8141660690307617,0.4125,0.1875,0.4
0.03653340400072757,0.0004732715754683228,5.605900287628174,12.654570579528809,1.936997890472412,0.19,0.1675,0.6425
10.17963792003181,0.0007665665604550055,7.166487693786621,9.92180061340332,6.074829578399658,0.2825,0.305,0.4125
6.462422933677872,0.001057737262144586,3.019134521484375,18.129125595092773,3.0579965114593506,0.3575,0.285,0.3575
1.8052388665609098,0.0006323218224282993,4.228946208953857,45.15774917602539,5.123538970947266,0.3575,0.2725,0.37
7.607602183154155,0.0006894264669183232,4.050830364227295,23.76202392578125,4.926624774932861,0.2525,0.5075,0.24
6.0746266173693,0.0002060495300908377,4.141597270965576,19.15064239501953,3.8179211616516113,0.36,0.3725,0.2675
10.363444067606135,0.00045803378675494244,4.95392370223999,5.76642370223999,4.417669296264648,0.3675,0.23,0.4025
1.6386877217438878,0.00041330113137556866,4.201965808868408,19.184459686279297,5.6430439949035645,0.31,0.205,0.485
10.95803270348938,0.000892927157051922,6.067414283752441,38.74172592163086,3.53983211517334,0.2625,0.2,0.5375
4.017404553411681,0.0003838443163087235,3.473121404647827,4.397103786468506,6.208743572235107,0.315,0.1525,0.5325
14.439446022180947,0.0003397661295345101,4.003700256347656,8.908316612243652,3.733800172805786,0.5025,0.1925,0.305
11.156496371179777,0.0009125472028964661,5.195362567901611,3.957230567932129,1.8193776607513428,0.215,0.18,0.605
10.030766353372291,0.000588970389394298,5.205500602722168,52.571842193603516,3.39151930809021,0.2675,0.2475,0.485
9.598592356245431,0.00014243114771170527,3.2606873512268066,52.569725036621094,6.3458662033081055,0.345,0.15,0.505
0.4834164728833181,0.0005935819408507361,3.445158004760742,27.028018951416016,5.1581597328186035,0.4325,0.175,0.3925
4.766698950029189,0.0011566374034046132,4.1789422035217285,4.480589866638184,4.607675552368164,0.49,0.265,0.245
1.2215825480580689,0.0009303970149379589,4.000735759735107,6.82146692276001,4.656667232513428,0.4675,0.215,0.3175
13.677051469638087,0.00028345484143693146,3.9285335540771484,16.04894256591797,3.5572893619537354,0.4375,0.2,0.3625
0.44651145682171006,0.00023333035311052828,2.6803345680236816,41.571414947509766,3.2263834476470947,0.42,0.2,0.38
0.7521921910352751,0.0002517169680101002,5.031273365020752,9.011417388916016,4.760560035705566,0.48,0.215,0.305
5.994148798136211,0.0008823079969037361,4.271878719329834,39.84153747558594,3.3971893787384033,0.2825,0.24,0.4775
5.008975167377101,0.00022194403969629488,4.487895965576172,52.11282730102539,3.14582896232605,0.28,0.3125,0.4075
6.958413021951718,0.0005217722915601689,4.6226911544799805,5.593709945678711,5.957634925842285,0.3875,0.295,0.3175
14.003247119931132,0.0009049704088416839,6.038004398345947,31.640270233154297,5.726036548614502,0.24,0.52,0.24
5.731895886756377,0.000782068890926823,4.257640361785889,37.87892150878906,3.237006425857544,0.42,0.2375,0.3425
6.979179049289342,0.00020332361938466882,4.767885684967041,1.9014639854431152,4.956518650054932,0.2275,0.185,0.5875
3.693753016871413,0.0010153199959374228,3.104961633682251,13.072169303894043,3.9650278091430664,0.43,0.275,0.295
10.942240626863425,0.0011061910046866062,3.713484764099121,20.569517135620117,2.7825231552124023,0.4075,0.1625,0.43
2.957115601934989,0.00022822915614466714,4.361507892608643,3.201002597808838,2.27907133102417,0.275,0.2025,0.5225
5.349419716196381,0.0005667385332989571,4.094200611114502,19.00568199157715,6.296564102172852,0.2875,0.2275,0.485
5.418286554608079,3.103188349662847e-05,3.5979795455932617,35.69687271118164,2.4648311138153076,0.34,0.25,0.41
10.012408270316868,0.0005266834535204805,5.559728145599365,38.809635162353516,2.245441436767578,0.2225,0.2425,0.535
2.3846766456806074,0.0004877063347642338,3.2895169258117676,20.410390853881836,3.5083882808685303,0.3275,0.3525,0.32
10.050783714386771,0.0001179127663304397,6.723914623260498,18.47467803955078,5.179453372955322,0.16,0.3225,0.5175
4.2653796017939785,0.0005372899205633902,2.876091480255127,19.76190948486328,4.865912437438965,0.48,0.1825,0.3375
4.400691079883936,0.000607085598589469,3.9952011108398438,11.169821739196777,3.4637551307678223,0.3875,0.175,0.4375
8.806300728729981,0.0002027875059332012,4.867631435394287,26.865285873413086,3.8205955028533936,0.465,0.24,0.295
10.39369863500591,0.0012811538968684395,2.5648481845855713,2.37150239944458,3.760159969329834,0.4325,0.23,0.3375
6.379800452080911,0.0004423003422000882,6.914331436157227,24.60985565185547,3.8418807983398438,0.3575,0.265,0.3775
2.142461035518841,0.0009644040389393317,4.946251392364502,61.54616165161133,1.8917515277862549,0.2225,0.19,0.5875
0.9925611010753518,5.4303967851669237e-05,4.079517841339111,16.7183780670166,6.421278476715088,0.5775,0.17,0.2525
4.6762190978538465,6.462573947638709e-05,3.7127115726470947,27.13173484802246,7.086967468261719,0.3975,0.3425,0.26
5.221129680392637,0.000867463554703522,4.8123779296875,6.610644817352295,3.993818759918213,0.32,0.1525,0.5275
1.9125606646286977,0.00037226730219342606,2.9527225494384766,10.744595527648926,5.931768417358398,0.6225,0.1625,0.215
0.8318421518034186,9.546512922749129e-05,6.005492687225342,27.649364471435547,5.238356590270996,0.4075,0.19,0.4025
7.463944217858997,0.00035265348820064395,5.882078647613525,56.85247039794922,2.8721113204956055,0.4725,0.1625,0.365
7.199700308797217,0.00023731326553649287,4.366842746734619,55.32014465332031,4.4620890617370605,0.36,0.3325,0.3075
6.685920553796894,0.000221637880646922,5.695854187011719,17.23893165588379,4.585203647613525,0.285,0.3475,0.3675
11.886699377303076,0.0005510383508020729,6.645277500152588,62.3337516784668,5.679425239562988,0.4425,0.25,0.3075
5.1257099584132195,4.3318349812340194e-05,4.216246128082275,1.9457556009292603,3.4349448680877686,0.305,0.19,0.505
5.0424021457433765,0.0002518153151033286,2.1057491302490234,40.92961502075195,4.066844463348389,0.575,0.16,0.265
9.719549576210015,0.0006526175672276002,3.543483257293701,4.425271511077881,4.986946105957031,0.3175,0.18,0.5025
0.792922910540263,0.0006276513249999548,3.627824306488037,25.021350860595703,3.3201067447662354,0.4075,0.1675,0.425
9.5304045247041,0.0006454797687787953,7.835951328277588,3.5325019359588623,2.7972333431243896,0.365,0.15,0.485
4.622494323698963,0.00021633828162400236,5.8939127922058105,49.78429412841797,4.1764750480651855,0.475,0.215,0.31
1.6763926874961532,0.0012809696157394595,2.0684609413146973,34.27067184448242,5.400432109832764,0.5525,0.2225,0.225
5.170505785053107,0.0006222546260539042,4.0509185791015625,8.934974670410156,4.105099201202393,0.4725,0.2525,0.275
11.596501268197752,0.0006358564500890569,4.988122940063477,18.887765884399414,4.300145149230957,0.5075,0.2525,0.24
8.000411045454893,0.00017866530874858084,4.991344928741455,28.69796371459961,3.9873669147491455,0.2525,0.2075,0.54
5.455600743649649,0.0008275534773374801,2.5339739322662354,45.30882263183594,3.7493419647216797,0.445,0.1525,0.4025
2.843174060032486,0.0008495749853828287,5.000942707061768,22.222288131713867,4.179172992706299,0.3725,0.185,0.4425
0.2445218829532089,0.000519880568404206,2.750638484954834,12.261639595031738,4.382170677185059,0.4075,0.2175,0.375
0.8662211639383488,0.0006324469518452366,5.598121643066406,11.074484825134277,5.461312770843506,0.4175,0.3425,0.24
0.33676156028636284,0.0006989163035574255,3.7094297409057617,60.520477294921875,4.500895023345947,0.4225,0.2475,0.33
6.866108578336017,0.0008911971850295947,3.781843900680542,4.693240642547607,3.98769474029541,0.3175,0.2325,0.45
6.200455906987541,0.0004227488441037232,2.3864123821258545,10.537875175476074,3.6746861934661865,0.44,0.225,0.335
0.6443700435814801,0.00031239104102955386,3.611985445022583,1.5890198945999146,4.720584392547607,0.5325,0.1775,0.29
3.3457932174913325,0.0011460440705315642,2.8310561180114746,17.225217819213867,5.02720832824707,0.49,0.17,0.34
4.3536042025440045,0.0005030408104514581,2.7077651023864746,9.777921676635742,6.611462116241455,0.455,0.215,0.33
1.4487361356756319,0.000546454570500547,5.378012657165527,16.436508178710938,3.006199836730957,0.3875,0.15,0.4625
6.891409518901971,0.0004419758855922495,3.4985554218292236,45.02656936645508,6.496985912322998,0.3475,0.31,0.3425
0.5494927017610481,0.00016602659997455688,5.555349349975586,17.711284637451172,4.570505142211914,0.3175,0.3425,0.34
8.934291420354462,0.0005636027993693556,4.6585822105407715,1.6159383058547974,3.681751251220703,0.425,0.275,0.3
4.045376558216092,0.000809425710155203,2.3422892093658447,6.958841800689697,5.526589870452881,0.5875,0.2225,0.19
1.8539939351423915,0.0006859230369417904,3.7339720726013184,1.1444772481918335,2.7700281143188477,0.325,0.1775,0.4975
4.177807717726186,0.00017274890710197252,4.257582664489746,0.6732547879219055,4.664925575256348,0.3775,0.1925,0.43
2.085061444847852,0.0003072122460626274,5.304164886474609,50.714744567871094,2.8108532428741455,0.2525,0.3675,0.38
3.754422418318437,0.0006303568150076861,4.620399475097656,4.82650899887085,3.358276844024658,0.28,0.265,0.455
4.211657752587999,0.0008913375796092101,2.839149236679077,35.823036193847656,5.9981689453125,0.435,0.2275,0.3375
7.140213119435423,0.0012174965391108124,7.024172782897949,53.297935485839844,3.594592571258545,0.3925,0.27,0.3375
11.398429381793994,0.0005783466052198859,3.298102378845215,3.733682632446289,4.517687797546387,0.56,0.195,0.245
9.281713005127987,0.001152498452088711,2.8652753829956055,35.773712158203125,4.520407676696777,0.4875,0.155,0.3575
9.233740356468676,0.00011106566658665043,4.9074883460998535,12.527473449707031,2.978806257247925,0.2075,0.4075,0.385
7.773983286462317,0.0002609526037706994,3.6870346069335938,6.432118892669678,5.5522379875183105,0.2825,0.1975,0.52
10.133422092443817,0.000543261612367763,4.466567516326904,28.438785552978516,4.049154758453369,0.3775,0.36,0.2625
5.283427879199845,0.0004761906055760783,4.055667877197266,1.0614113807678223,4.806156158447266,0.35,0.4225,0.2275
6.625329905791222,0.0008641067207047588,3.658259153366089,32.749786376953125,3.250175952911377,0.305,0.32,0.375
4.910776944810221,0.00024709848320122703,4.944211959838867,40.90853500366211,3.296205520629883,0.2325,0.4625,0.305
7.261494540648326,7.645615116530331e-05,4.609235763549805,24.832565307617188,3.022632360458374,0.2825,0.2575,0.46
1.9157083253956955,0.00017248034111429244,2.7621684074401855,10.399341583251953,3.58958101272583,0.4025,0.23,0.3675
12.370637547029311,0.0008380432803336416,2.929090976715088,45.550716400146484,3.674556016921997,0.51,0.1625,0.3275
0.41036882452515955,0.00016499160023916446,4.083218097686768,30.689556121826172,3.0529682636260986,0.33,0.2225,0.4475
7.114224004136256,0.0005852469370275579,5.034764766693115,16.36751365661621,5.565957069396973,0.575,0.1775,0.2475
9.222892223804982,0.00017277543831914908,3.4475021362304688,57.648460388183594,5.791406631469727,0.4275,0.2825,0.29
7.1628649305975145,0.0006316601565586263,4.429746150970459,4.808041095733643,2.929145336151123,0.2525,0.2325,0.515
3.2882744602193155,0.0012429319920731752,6.155428886413574,4.686609268188477,3.8323519229888916,0.4525,0.23,0.3175
2.0175628964181245,0.00029910220628901537,3.9570305347442627,9.057879447937012,4.888219356536865,0.3125,0.16,0.5275
13.015808555142057,0.00022265825824532216,2.9473159313201904,0.5366688370704651,5.989668369293213,0.525,0.1625,0.3125
11.564938094457965,0.00045782558534424354,5.985400676727295,48.67823028564453,2.2557168006896973,0.3125,0.2225,0.465
2.30341633556066,0.0011519727669574665,3.1469361782073975,11.961487770080566,2.7205262184143066,0.3825,0.21,0.4075
9.431031951080989,0.0003680395950963432,5.972209930419922,3.595150947570801,4.4862213134765625,0.375,0.285,0.34
