Leaf allocation,Clima
2.66601315842642E-07,regular
2.66601315842642E-07,regular
2.66601315842642E-07,regular
2.66601315842642E-07,regular
2.66601315842642E-07,regular
2.66601315842642E-07,regular
2.66601315842642E-07,regular
2.66601315842642E-07,regular
2.66601315842642E-07,regular
2.66601315842642E-07,regular
2.66601315842642E-07,regular
2.66601315842642E-07,regular
2.66601315842642E-07,regular
2.66601315842642E-07,regular
2.66601315842642E-07,regular
2.66601315842642E-07,regular
2.66601315842642E-07,regular
2.66601315842642E-07,regular
2.66601315842642E-07,regular
2.66601315842642E-07,regular
2.66601315842642E-07,regular
2.66601315842642E-07,regular
2.66601315842642E-07,regular
2.66601315842642E-07,regular
2.66601315842642E-07,regular
2.66601315842642E-07,regular
2.66601315842642E-07,regular
2.66601315842642E-07,regular
2.66601315842642E-07,regular
2.66601315842642E-07,regular
2.66601315842642E-07,regular
2.66601315842642E-07,regular
2.66601315842642E-07,regular
2.66601315842642E-07,regular
2.66601315842642E-07,regular
2.66601315842642E-07,regular
2.66601315842642E-07,regular
2.66601315842642E-07,regular
2.66601315842642E-07,regular
2.66601315842642E-07,regular
2.66601315842642E-07,regular
2.66601315842642E-07,regular
2.66601315842642E-07,regular
2.66601315842642E-07,regular
2.66601315842642E-07,regular
2.66601315842642E-07,regular
2.66601315842642E-07,regular
2.66601315842642E-07,regular
2.66601315842642E-07,regular
2.66601315842642E-07,regular
2.66601315842642E-07,regular
2.66601315842642E-07,regular
2.66601315842642E-07,regular
2.66601315842642E-07,regular
2.66601315842642E-07,regular
2.66601315842642E-07,regular
2.66601315842642E-07,regular
2.66601315842642E-07,regular
2.66601315842642E-07,regular
2.66601315842642E-07,regular
2.66601315842642E-07,regular
2.66601315842642E-07,regular
2.66601315842642E-07,regular
2.66601315842642E-07,regular
2.66601315842642E-07,regular
2.66601315842642E-07,regular
2.66601315842642E-07,regular
2.66601315842642E-07,regular
2.66601315842642E-07,regular
2.66601315842642E-07,regular
2.66601315842642E-07,regular
2.66601315842642E-07,regular
2.66601315842642E-07,regular
2.66601315842642E-07,regular
2.66601315842642E-07,regular
2.66601315842642E-07,regular
2.66601315842642E-07,regular
2.66601315842642E-07,regular
2.66601315842642E-07,regular
2.66601315842642E-07,regular
2.66601315842642E-07,regular
2.66601315842642E-07,regular
2.66601315842642E-07,regular
2.66601315842642E-07,regular
2.66601315842642E-07,regular
2.66601315842642E-07,regular
2.66601315842642E-07,regular
2.66601315842642E-07,regular
2.66601315842642E-07,regular
2.66601315842642E-07,regular
2.66601315842642E-07,regular
2.66601315842642E-07,regular
2.66601315842642E-07,regular
2.66601315842642E-07,regular
2.66601315842642E-07,regular
2.66601315842642E-07,regular
2.66601315842642E-07,regular
2.66601315842642E-07,regular
2.66601315842642E-07,regular
2.66601315842642E-07,regular
2.66601315842642E-07,regular
2.66601315842642E-07,regular
2.66601315842642E-07,regular
2.66601315842642E-07,regular
2.66601315842642E-07,regular
2.66601315842642E-07,regular
2.66601315842642E-07,regular
2.66601315842642E-07,regular
2.66601315842642E-07,regular
1.43813847438729E-06,regular
3.17116365088181E-06,regular
1.15559321258231E-05,regular
2.15663616832194E-05,regular
4.33784047128651E-05,regular
6.28726774971227E-05,regular
7.45163628270224E-05,regular
7.38689190395456E-05,regular
5.56737541865125E-05,regular
3.97345555985538E-05,regular
2.53252393379701E-05,regular
3.28613699083528E-05,regular
4.65918607583822E-05,regular
6.47470009916883E-05,regular
7.88020807390399E-05,regular
6.82650194121732E-05,regular
5.40353861092504E-05,regular
3.23695652617239E-05,regular
1.67404882585063E-05,regular
6.77872929957327E-06,regular
2.44577757444629E-06,regular
5.2793612533186E-07,regular
1.61453306875689E-07,regular
9.68572914823787E-09,regular
4.14567056750891E-09,regular
-2.13629710628458E-21,regular
-1.82568369232609E-19,regular
-1.71669743707994E-19,regular
8.70630389637316E-20,regular
1.89691876700578E-19,regular
1.96500634139307E-19,regular
-1.74236781798217E-19,regular
-6.37232287631801E-19,regular
-7.77459386803403E-19,regular
-7.78118405570054E-19,regular
-1.24477691452048E-19,regular
1.03084511186275E-19,regular
-4.41616083912063E-19,regular
-6.04266567268792E-19,regular
-4.4085638873928E-19,regular
-9.0800197342078E-19,regular
-1.61611274704862E-18,regular
-8.86090356646875E-19,regular
-1.32928124493265E-19,regular
-6.06136766484973E-19,regular
-8.21238823305095E-19,regular
-3.57392222791669E-19,regular
-4.54451618080135E-19,regular
-1.21150033579889E-18,regular
-1.15414022502447E-18,regular
-6.45398380149388E-19,regular
-8.48578504307635E-19,regular
-1.18930342947555E-18,regular
-5.73110881270517E-19,regular
2.65843689513687E-09,regular
1.62682864401105E-08,regular
1.61209100199526E-07,regular
5.21056054407744E-07,regular
2.77142321922572E-06,regular
6.48750030095773E-06,regular
1.84625813260032E-05,regular
3.32309778286947E-05,regular
5.30976472730741E-05,regular
7.09783461233493E-05,regular
7.07179270178161E-05,regular
6.44581782862234E-05,regular
4.41463094734355E-05,regular
2.66251617053976E-05,regular
1.20890989862862E-05,regular
4.82959760943819E-06,regular
1.20044010183292E-06,regular
3.62012031528325E-07,regular
2.35433281230383E-08,regular
1.03235402481704E-08,regular
-8.05710463060386E-19,regular
3.17667019033635E-20,regular
2.70975607861816E-19,regular
-3.7585634881746E-19,regular
-7.94858852615246E-19,regular
-1.05359163528696E-18,regular
-7.66359145781271E-19,regular
-3.16981154825118E-19,regular
4.5751304672946E-19,regular
9.67246337275014E-19,regular
-2.58330001696247E-19,regular
-1.07051632916321E-18,regular
-1.01604626965337E-18,regular
-7.9590223382723E-19,regular
-4.14611817258393E-19,regular
7.26892149097039E-09,regular
1.7789802952311E-08,regular
2.67803070981987E-07,regular
7.13545741630314E-07,regular
3.74129117977896E-06,regular
9.17330420903952E-06,regular
2.21018079520777E-05,regular
3.83847247010836E-05,regular
5.9172416253404E-05,regular
6.96233746024704E-05,regular
7.34875663853516E-05,regular
5.85701944309849E-05,regular
3.88029170306262E-05,regular
2.23548847332943E-05,regular
7.94113334368547E-06,regular
3.62364419249928E-06,regular
6.55380356090027E-07,regular
2.29494275621586E-07,regular
2.09623507486786E-08,regular
4.65359478752329E-09,regular
3.95675415811834E-19,regular
3.95675415811834E-19,regular
3.55335618627791E-09,regular
1.73903256172051E-08,regular
1.40974048438125E-07,regular
6.48677142012872E-07,regular
2.21312734782389E-06,regular
7.14259999674967E-06,regular
1.61754735451743E-05,regular
3.36663842136374E-05,regular
5.60285702647665E-05,regular
7.39812290011423E-05,regular
9.09120093380649E-05,regular
9.01924757050011E-05,regular
9.13812546501411E-05,regular
0.000100895242843,regular
0.000112217213157,regular
0.00012661164954,regular
0.000132218952182,regular
0.000130764483894,regular
0.000122864662551,regular
0.000112681492229,regular
0.000102767837949,regular
9.13362323376122E-05,regular
6.69607674593069E-05,regular
4.35912463698926E-05,regular
2.26804721552529E-05,regular
8.92557129962559E-06,regular
3.10142047087773E-06,regular
7.23576612084628E-07,regular
1.34614742592767E-07,regular
2.2370297894929E-08,regular
2.74455725380569E-19,regular
1.31471819167257E-19,regular
-6.48316876671914E-20,regular
-4.61441808473195E-19,regular
5.89732772179558E-09,regular
2.0857321818606E-08,regular
2.54326620258433E-07,regular
6.4721005398648E-07,regular
3.8022078765704E-06,regular
7.81914504898294E-06,regular
2.2769334360134E-05,regular
3.891866094613E-05,regular
5.89237278308959E-05,regular
7.1997274948354E-05,regular
6.99340463722974E-05,regular
5.86631322243872E-05,regular
3.81132301564765E-05,regular
2.22225888443907E-05,regular
8.50395645863853E-06,regular
4.08740926857529E-06,regular
1.42459658970823E-06,regular
4.74078198794029E-06,regular
1.06821193952987E-05,regular
2.52177902392621E-05,regular
4.21698188623127E-05,regular
6.24868171196599E-05,regular
7.08589608214531E-05,regular
7.13319143618921E-05,regular
5.7626320525184E-05,regular
4.00584353457947E-05,regular
3.78761999484031E-05,regular
4.04209328931106E-05,regular
6.63329880754567E-05,regular
9.36910536355599E-05,regular
0.000123883190251,regular
0.000140733234388,regular
0.00014535718414,regular
0.000137137553292,regular
0.000123564344977,regular
0.000115158100876,regular
0.00010823997307,regular
0.000111971905013,regular
0.000121340571124,regular
0.000146942863869,regular
0.000169518811543,regular
0.000188269696641,regular
0.000186211154925,regular
0.000171703617194,regular
0.000145523159784,regular
0.000116598672794,regular
0.000104456247282,regular
9.25326230627252E-05,regular
8.11250103508945E-05,regular
7.17675690417538E-05,regular
6.60296953446362E-05,regular
6.80816722418185E-05,regular
7.66220016438244E-05,regular
7.44380781137192E-05,regular
6.82786669381075E-05,regular
4.85714733710357E-05,regular
2.83633329562581E-05,regular
1.53873597473984E-05,regular
5.20748213055244E-06,regular
2.16483376882856E-06,regular
4.11467495886328E-07,regular
1.3870564237237E-07,regular
2.62412700344902E-07,regular
6.00127687843252E-07,regular
3.66581436184432E-06,regular
7.46659133212377E-06,regular
2.19897030705605E-05,regular
3.78730617712434E-05,regular
5.9151007819069E-05,regular
7.62048567668248E-05,regular
8.65211253520973E-05,regular
0.000102721887703,regular
0.000123373999845,regular
0.000164988528408,regular
0.000213467854551,regular
0.000236218084746,regular
0.000253562619746,regular
0.000244209816381,regular
0.000245708948895,regular
0.000271908426086,regular
0.000319604234593,regular
0.000389744052769,regular
0.000438997432598,regular
0.00047811135849,regular
0.000432015678207,regular
0.00037138427742,regular
0.000302890354629,regular
0.000247669169738,regular
0.00023813210297,regular
0.000231639668826,regular
0.000229544803249,regular
0.000214514439795,regular
0.000190608907659,regular
0.000145095454963,regular
9.33826044086512E-05,regular
5.65183546821374E-05,regular
2.76084898995927E-05,regular
4.20474525616225E-05,regular
8.16397356939213E-05,regular
0.000172534593368,regular
0.000273610034057,regular
0.000384351291978,regular
0.00040925442822,regular
0.000396832496634,regular
0.000313164370893,regular
0.000223905679763,regular
0.000192854399204,regular
0.000179563160363,regular
0.000219872105328,regular
0.000251662766456,regular
0.000272292465707,regular
0.000266924957117,regular
0.000245408438684,regular
0.000207277995178,regular
0.000165015107349,regular
0.000138487818277,regular
0.000124569418814,regular
0.000171557167736,regular
0.000223635044978,regular
0.000285052898513,regular
0.000293101247541,regular
0.000255082920329,regular
0.000198465113142,regular
0.000134639218115,regular
0.000135653733618,regular
0.000146203566987,regular
0.000184542094323,regular
0.00021823009164,regular
0.000239510664114,regular
0.00026221693849,regular
0.00028661988258,regular
0.000283579447412,regular
0.000265141347691,regular
0.000200338473693,regular
0.000125853260001,regular
7.25356808246562E-05,regular
2.77578737226265E-05,regular
1.87984535316135E-05,regular
2.48558006188125E-05,regular
5.57819628730227E-05,regular
0.000119045970294,regular
0.000207669487046,regular
0.000291572638199,regular
0.000373855422156,regular
0.000372900326836,regular
0.000362631613078,regular
0.000329487946443,regular
0.000299681600703,regular
0.000277798074365,regular
0.000272204914692,regular
0.000284234140503,regular
0.00033609481675,regular
0.000408080593684,regular
0.000497255247731,regular
0.000590004496797,regular
0.000697770335537,regular
0.000809639519,regular
0.000936378513639,regular
0.001033419209302,regular
0.001085958564928,regular
0.001103100191745,regular
0.001095050451264,regular
0.001140772274469,regular
0.001202719038797,regular
0.001356468148372,regular
0.001516834610974,regular
0.001689934234976,regular
0.00183730112504,regular
0.001930020126297,regular
0.002029387274865,regular
0.002135294073933,regular
0.002335461814966,regular
0.002578357673005,regular
0.002981417675399,regular
0.003431116717276,regular
0.004270603646729,regular
0.005225669492392,regular
0.006546688073682,regular
0.007909558027179,regular
0.009329282441683,regular
0.010783734523306,regular
0.012260578831547,regular
0.014105790260167,regular
0.016047770415082,regular
0.018126270774208,regular
0.020132000298365,regular
0.021737743450102,regular
0.023203349223533,regular
0.02440158416002,regular
0.025617758865784,regular
0.026849979265154,regular
0.027987796924444,regular
0.029087400049071,regular
0.029077795674198,regular
0.028799321774834,regular
0.026907871594658,regular
0.024866423774191,regular
0.022406318102015,regular
0.020430784445942,regular
0.019052908350423,regular
0.018376393541665,regular
0.018108738979258,regular
0.018199119048063,regular
0.018370389251519,regular
0.018989022741325,regular
0.019738867030445,regular
0.021071284813375,regular
0.02234803192732,regular
0.023529022958895,regular
0.024159241975153,regular
0.024341767384745,regular
0.024360297324357,regular
0.024319880395916,regular
0.024730601571936,regular
0.025110758050118,regular
0.024884731518947,regular
0.023986241437808,regular
0.021421442154056,regular
0.018248630265971,regular
0.014394318735826,regular
0.010817100459613,regular
0.007385520100815,regular
0.004978287845141,regular
0.002794421241702,regular
0.001755034232177,regular
0.000858091349249,regular
0.000505460547711,regular
0.0002744287712,regular
0.000232480368785,regular
0.000226937680597,regular
0.000248262755754,regular
0.000213827651137,regular
0.000161721104839,regular
0.000105717978661,regular
5.74919359305798E-05,regular
6.41846128826293E-05,regular
8.07044115518827E-05,regular
0.000118967044064,regular
0.000140152086188,regular
0.000143932530671,regular
0.000117962136949,regular
7.79421254868802E-05,regular
4.60231842417158E-05,regular
1.66642949137712E-05,regular
1.30754062778138E-05,regular
1.40857689881157E-05,regular
3.03925644438948E-05,regular
5.01685661348244E-05,regular
7.483195904069E-05,regular
9.30035071251472E-05,regular
0.000106831325767,regular
0.000108565729209,regular
0.000106950560747,regular
8.69717867207583E-05,regular
6.58145590250852E-05,regular
4.15476823696062E-05,regular
2.15887953275546E-05,regular
1.01803125306175E-05,regular
3.46487998330585E-06,regular
1.09869584719311E-06,regular
2.47929717457281E-07,regular
3.74260055811829E-08,regular
6.97391445608926E-09,regular
7.55146383478774E-19,regular
4.87377992105896E-20,regular
-4.30294945786369E-19,regular
-2.4475630558098E-19,regular
-1.2234659214166E-19,regular
-8.06429528294459E-20,regular
-3.94694397292563E-20,regular
1.38310490312273E-21,regular
-3.62922352895163E-19,regular
-8.24215669369109E-19,regular
-1.65993007678442E-18,regular
-1.96767322852626E-18,regular
2.33257613543161E-19,regular
1.18923329407209E-18,regular
-7.97488735711212E-20,regular
-5.1076668315303E-19,regular
-2.35863101564313E-19,regular
-2.44862555651641E-19,regular
-3.60611432110048E-19,regular
-1.05083864514879E-19,regular
9.91542662448902E-20,regular
-5.34911270236826E-19,regular
-1.03852931792443E-18,regular
-1.20449278049344E-18,regular
-1.20665228315006E-18,regular
-1.01856035890516E-18,regular
-6.50506670740453E-19,regular
-1.84106786187459E-19,regular
1.1616363467739E-08,regular
3.07795402627207E-08,regular
3.9981610981173E-07,regular
1.45006052449489E-06,regular
5.24982656294618E-06,regular
1.33310852344432E-05,regular
2.83231801635602E-05,regular
4.6252541098837E-05,regular
6.6429428552487E-05,regular
7.08919008358422E-05,regular
7.01300019780096E-05,regular
5.10373567799882E-05,regular
3.13777480418431E-05,regular
1.70653837491587E-05,regular
6.0092044474017E-06,regular
2.46373589651746E-06,regular
4.76875836474966E-07,regular
1.35762856660281E-07,regular
1.4714881273758E-08,regular
1.87065729903824E-09,regular
3.39132680076903E-19,regular
-3.81774509297355E-19,regular
6.25921591634662E-19,regular
1.17951494174845E-18,regular
1.44583811061566E-19,regular
-2.81753846357417E-19,regular
1.81241659476213E-19,regular
3.5486973391264E-19,regular
3.27634704157721E-19,regular
2.05509970153389E-19,regular
5.5717306501348E-20,regular
-1.39745515736612E-19,regular
-4.41766060374688E-19,regular
-1.37456582948058E-18,regular
-1.93203904223169E-18,regular
-1.71415880419234E-18,regular
-1.34344345160203E-18,regular
-8.25977886258558E-19,regular
-7.62225933463359E-19,regular
-8.98401082237942E-19,regular
-5.4431122002708E-19,regular
7.44433171155339E-10,regular
1.27343972432718E-08,regular
1.00566739571352E-07,regular
4.20776965088661E-07,regular
2.04612426462378E-06,regular
5.40123341146339E-06,regular
1.51718924475673E-05,regular
2.89754309547463E-05,regular
4.81456263295665E-05,regular
6.86743156027445E-05,regular
7.09245101300326E-05,regular
6.92516898734656E-05,regular
4.95487686805982E-05,regular
3.25003433446884E-05,regular
2.03832026927808E-05,regular
2.00158765451469E-05,regular
2.99059262297331E-05,regular
4.71455301371668E-05,regular
6.72733607784165E-05,regular
7.10799857628769E-05,regular
7.14989725704339E-05,regular
5.47548612634887E-05,regular
4.20550593805475E-05,regular
4.02999780287331E-05,regular
4.68775242471103E-05,regular
6.34845211500332E-05,regular
7.06588110697305E-05,regular
7.24757372084882E-05,regular
5.63635851670694E-05,regular
3.63873646318473E-05,regular
2.07521081529489E-05,regular
7.31646220628514E-06,regular
3.27607972737867E-06,regular
5.97743320811327E-07,regular
2.02285433336487E-07,regular
1.89574861442847E-08,regular
3.8922785146308E-09,regular
-1.0127827254581E-18,regular
-3.49567196191825E-19,regular
3.5628242207844E-09,regular
2.02523665051737E-08,regular
1.41266043845498E-07,regular
6.79158889262646E-07,regular
2.22020393424134E-06,regular
7.30157261204809E-06,regular
1.62561644847455E-05,regular
3.38167657814959E-05,regular
5.57806988658146E-05,regular
6.99734824535207E-05,regular
8.18216419298715E-05,regular
6.32306060615153E-05,regular
4.42666605101817E-05,regular
2.39286303039817E-05,regular
9.49263900972404E-06,regular
4.00492033332469E-06,regular
3.29620483607681E-06,regular
6.02812413567892E-06,regular
1.71468949118764E-05,regular
3.08364275237405E-05,regular
5.10444140636782E-05,regular
6.91399570194724E-05,regular
7.12465824727393E-05,regular
6.63384813169722E-05,regular
4.63391443222008E-05,regular
2.85492338148132E-05,regular
1.2957287701283E-05,regular
5.29247554034216E-06,regular
1.26829612262997E-06,regular
3.99948766599041E-07,regular
2.64286148466213E-08,regular
1.14361203338569E-08,regular
5.29120428686196E-19,regular
8.83175815500148E-19,regular
1.06516526904692E-18,regular
1.01069520953709E-18,regular
6.26591255003935E-19,regular
2.74206003957088E-20,regular
5.88835619151764E-19,regular
1.46035657130918E-18,regular
1.43077688965862E-18,regular
1.35063545457089E-18,regular
1.13275521653153E-18,regular
1.1006588810857E-18,regular
1.4274792381447E-18,regular
2.09749545911641E-18,regular
3.07795653029351E-18,regular
2.0501297410463E-18,regular
1.9814771771178E-19,regular
-1.94568741837969E-19,regular
-4.12448979877279E-19,regular
-6.30329217916634E-19,regular
-9.0506808028831E-19,regular
-1.34082855636697E-18,regular
-1.77658903244568E-18,regular
-2.21234950852439E-18,regular
1.13346819781104E-08,regular
2.93572013438337E-08,regular
4.13017858644217E-07,regular
8.80837752470344E-07,regular
5.56698090648883E-06,regular
1.2562676491028E-05,regular
2.99594068025115E-05,regular
4.81107493298548E-05,regular
6.75758867250396E-05,regular
7.29819143593385E-05,regular
6.68293832330038E-05,regular
4.97310568125862E-05,regular
2.8641225255095E-05,regular
1.5969179876505E-05,regular
4.99447038899215E-06,regular
2.34861221826477E-06,regular
3.87075101343546E-07,regular
1.44745445806837E-07,regular
1.18660928842879E-08,regular
3.05897482838595E-09,regular
1.42203931722729E-19,regular
3.60084169762039E-19,regular
7.60253399790953E-19,regular
1.17803861900134E-18,regular
7.42278142922631E-19,regular
4.29109571674784E-19,regular
5.92519750204284E-19,regular
5.33687100013025E-19,regular
1.25161653689234E-19,regular
-4.94594269764792E-20,regular
-4.94594269764792E-20,regular
-1.21574326163436E-19,regular
-2.16896930305654E-19,regular
2.60913616859805E-19,regular
6.1350261139416E-19,regular
-1.69504494059772E-19,regular
-5.97039008287577E-19,regular
-2.27663917236483E-19,regular
-3.4737258019705E-20,regular
-2.3673027181769E-20,regular
1.37648820645327E-19,regular
3.70848762921824E-19,regular
3.7994758916425E-20,regular
-3.76919176644213E-19,regular
-5.81181899806108E-19,regular
-7.52404816608989E-19,regular
-8.11981444197868E-19,regular
-4.93251145642811E-19,regular
3.64652291637149E-19,regular
2.48124364859627E-19,regular
-5.28073983155575E-19,regular
-8.64473031920752E-19,regular
-1.07703392821106E-18,regular
-7.92672558454294E-19,regular
-5.55850186269652E-19,regular
-6.97982997803123E-19,regular
-8.10144232775458E-19,regular
-8.62061008245768E-19,regular
-7.22867933526172E-19,regular
-4.04558523265552E-19,regular
-5.52254842891792E-19,regular
-8.99501472266978E-19,regular
-8.7952931077093E-19,regular
-8.03671731763789E-19,regular
-6.21537470277785E-19,regular
-4.96907265498323E-19,regular
-5.4286637820975E-19,regular
-5.62845015950501E-19,regular
-5.49227501073043E-19,regular
-4.00510617464563E-19,regular
-1.69012864547772E-19,regular
-2.55036889189603E-19,regular
-4.18447067719119E-19,regular
-4.00223614681508E-19,regular
-3.64573403321602E-19,regular
-2.55633284301924E-19,regular
-1.29727052709959E-19,regular
2.6874368380827E-20,regular
-3.6798248564996E-19,regular
-1.23269468036856E-18,regular
-8.15854750208367E-19,regular
8.97099891427019E-20,regular
1.60744584882699E-19,regular
1.31174130721722E-19,regular
-5.60666988433293E-20,regular
-2.17950969869978E-19,regular
-3.13273574012196E-19,regular
-1.28378683428864E-19,regular
3.85682503195239E-19,regular
3.34261887606329E-19,regular
-3.00066353657179E-20,regular
-1.06827020569535E-19,regular
-1.24750474429589E-19,regular
-2.18370889212124E-19,regular
-1.84126108749392E-19,regular
3.75468643246217E-19,regular
6.03680785708018E-19,regular
2.90584330361425E-19,regular
-6.91092167194153E-20,regular
-4.64868242845547E-19,regular
-4.65655011004557E-19,regular
-3.33150208036776E-19,regular
-1.0470103604799E-19,regular
9.0072648102281E-20,regular
-2.65273230359555E-20,regular
-6.58627416783342E-20,regular
7.54189751753101E-20,regular
-1.77593704557343E-19,regular
-8.51660690991597E-19,regular
-4.1667339128714E-19,regular
5.70596437328483E-19,regular
6.01202439464416E-19,regular
4.73250642187266E-19,regular
5.68573246329474E-19,regular
5.86180737012549E-19,regular
3.27447954340841E-19,regular
3.15961330810421E-19,regular
6.70016717624373E-19,regular
7.36083791524824E-19,regular
5.99908642750241E-19,regular
5.37268435353356E-19,regular
4.96415890720976E-19,regular
3.51480882952093E-19,regular
2.56733388457263E-19,regular
5.01848656251537E-19,regular
5.04775518907875E-19,regular
9.27468441918439E-22,regular
-2.05844683994554E-19,regular
-1.24139594729804E-19,regular
-3.53098422148564E-19,regular
-7.20771323839975E-19,regular
-7.66621118135428E-19,regular
-7.71464172558723E-19,regular
-8.53169261823481E-19,regular
-9.3487435108823E-19,regular
-1.01657944035299E-18,regular
-1.05755987172373E-18,regular
-1.04394235684627E-18,regular
1.35192718952818E-08,regular
3.56382351952563E-08,regular
4.91877354986261E-07,regular
1.05993250583746E-06,regular
6.56703330204151E-06,regular
1.44998245956014E-05,regular
3.43365339964067E-05,regular
5.3793572251348E-05,regular
7.25364981743824E-05,regular
7.51525604300945E-05,regular
6.35301646790361E-05,regular
4.46214347294463E-05,regular
2.28093916998013E-05,regular
1.20954825567928E-05,regular
3.26992571140702E-06,regular
1.53690053491216E-06,regular
2.6660131584211E-07,regular
2.6660131584211E-07,regular
2.6660131584211E-07,regular
2.6660131584211E-07,regular
2.6660131584211E-07,regular
2.6660131584211E-07,regular
2.6660131584211E-07,regular
2.6660131584211E-07,regular
2.6660131584211E-07,regular
2.6660131584211E-07,regular
2.6660131584211E-07,regular
2.6660131584211E-07,regular
2.6660131584211E-07,regular
2.6660131584211E-07,regular
2.6660131584211E-07,regular
2.6660131584211E-07,regular
2.6660131584211E-07,regular
2.6660131584211E-07,regular
2.6660131584211E-07,regular
2.6660131584211E-07,regular
2.6660131584211E-07,regular
2.6660131584211E-07,regular
2.6660131584211E-07,regular
2.6660131584211E-07,regular
2.6660131584211E-07,regular
2.6660131584211E-07,regular
2.6660131584211E-07,regular
2.6660131584211E-07,regular
2.6660131584211E-07,regular
2.6660131584211E-07,regular
2.6660131584211E-07,regular
2.6660131584211E-07,regular
2.6660131584211E-07,regular
2.6660131584211E-07,regular
2.6660131584211E-07,regular
2.6660131584211E-07,regular
2.6660131584211E-07,regular
2.6660131584211E-07,regular
2.6660131584211E-07,regular
2.6660131584211E-07,regular
2.6660131584211E-07,regular
2.6660131584211E-07,regular
2.6660131584211E-07,regular
2.6660131584211E-07,regular
2.6660131584211E-07,regular
2.6660131584211E-07,regular
2.6660131584211E-07,regular
2.6660131584211E-07,regular
2.6660131584211E-07,regular
2.6660131584211E-07,regular
2.6660131584211E-07,regular
2.6660131584211E-07,regular
2.6660131584211E-07,regular
2.6660131584211E-07,regular
2.6660131584211E-07,regular
2.6660131584211E-07,regular
2.6660131584211E-07,regular
2.6660131584211E-07,regular
2.6660131584211E-07,regular
2.6660131584211E-07,regular
2.6660131584211E-07,regular
2.6660131584211E-07,regular
2.6660131584211E-07,regular
2.6660131584211E-07,regular
2.6660131584211E-07,regular
2.6660131584211E-07,regular
2.6660131584211E-07,regular
2.6660131584211E-07,regular
2.6660131584211E-07,regular
2.6660131584211E-07,regular
2.6660131584211E-07,regular
2.6660131584211E-07,regular
2.6660131584211E-07,regular
2.6660131584211E-07,regular
2.6660131584211E-07,regular
2.6660131584211E-07,regular
2.6660131584211E-07,regular
2.6660131584211E-07,regular
2.6660131584211E-07,regular
2.6660131584211E-07,regular
2.6660131584211E-07,regular
2.6660131584211E-07,regular
2.6660131584211E-07,regular
2.6660131584211E-07,regular
2.6660131584211E-07,regular
2.6660131584211E-07,regular
2.6660131584211E-07,regular
2.6660131584211E-07,regular
2.6660131584211E-07,regular
2.6660131584211E-07,regular
2.6660131584211E-07,regular
2.6660131584211E-07,regular
2.6660131584211E-07,regular
2.6660131584211E-07,regular
2.6660131584211E-07,regular
2.6660131584211E-07,regular
2.6660131584211E-07,regular
2.6660131584211E-07,regular
2.6660131584211E-07,regular
2.6660131584211E-07,regular
2.6660131584211E-07,regular
2.6660131584211E-07,regular
2.6660131584211E-07,regular
2.6660131584211E-07,regular
2.6660131584211E-07,regular
2.6660131584211E-07,regular
2.6660131584211E-07,regular
2.6660131584211E-07,regular
2.6660131584211E-07,regular
2.6660131584211E-07,regular
2.6660131584211E-07,regular
2.6660131584211E-07,regular
2.6660131584211E-07,regular
2.6660131584211E-07,regular
2.6660131584211E-07,regular
2.6660131584211E-07,regular
2.6660131584211E-07,regular
2.6660131584211E-07,regular
2.6660131584211E-07,regular
2.6660131584211E-07,regular
2.6660131584211E-07,regular
2.6660131584211E-07,regular
2.6660131584211E-07,regular
2.6660131584211E-07,regular
2.6660131584211E-07,regular
2.6660131584211E-07,regular
2.6660131584211E-07,regular
2.6660131584211E-07,regular
2.6660131584211E-07,regular
2.6660131584211E-07,regular
2.6660131584211E-07,regular
2.6660131584211E-07,regular
2.6660131584211E-07,regular
2.6660131584211E-07,regular
2.6660131584211E-07,regular
2.6660131584211E-07,regular
2.6660131584211E-07,regular
2.6660131584211E-07,regular
2.6660131584211E-07,regular
2.6660131584211E-07,regular
2.6660131584211E-07,regular
2.6660131584211E-07,regular
2.6660131584211E-07,regular
2.6660131584211E-07,regular
2.6660131584211E-07,regular
2.6660131584211E-07,regular
2.6660131584211E-07,regular
2.6660131584211E-07,regular
2.6660131584211E-07,regular
2.6660131584211E-07,regular
2.6660131584211E-07,regular
2.6660131584211E-07,regular
2.6660131584211E-07,regular
2.6660131584211E-07,regular
2.6660131584211E-07,regular
2.6660131584211E-07,regular
2.6660131584211E-07,regular
2.6660131584211E-07,regular
2.6660131584211E-07,regular
2.6660131584211E-07,regular
2.6660131584211E-07,regular
2.6660131584211E-07,regular
2.6660131584211E-07,regular
2.6660131584211E-07,regular
2.6660131584211E-07,regular
3.13995732701988E-08,lowprec
3.13995732701988E-08,lowprec
3.13995732701988E-08,lowprec
3.13995732701988E-08,lowprec
3.13995732701988E-08,lowprec
3.13995732701988E-08,lowprec
3.13995732701988E-08,lowprec
3.13995732701988E-08,lowprec
3.13995732701988E-08,lowprec
3.13995732701988E-08,lowprec
3.13995732701988E-08,lowprec
3.13995732701988E-08,lowprec
3.13995732701988E-08,lowprec
3.13995732701988E-08,lowprec
3.13995732701988E-08,lowprec
3.13995732701988E-08,lowprec
3.13995732701988E-08,lowprec
3.13995732701988E-08,lowprec
3.13995732701988E-08,lowprec
3.13995732701988E-08,lowprec
3.13995732701988E-08,lowprec
3.13995732701988E-08,lowprec
3.13995732701988E-08,lowprec
3.13995732701988E-08,lowprec
3.13995732701988E-08,lowprec
3.13995732701988E-08,lowprec
3.13995732701988E-08,lowprec
3.13995732701988E-08,lowprec
3.13995732701988E-08,lowprec
3.13995732701988E-08,lowprec
3.13995732701988E-08,lowprec
3.13995732701988E-08,lowprec
3.13995732701988E-08,lowprec
3.13995732701988E-08,lowprec
3.13995732701988E-08,lowprec
3.13995732701988E-08,lowprec
3.13995732701988E-08,lowprec
3.13995732701988E-08,lowprec
3.13995732701988E-08,lowprec
3.13995732701988E-08,lowprec
3.13995732701988E-08,lowprec
3.13995732701988E-08,lowprec
3.13995732701988E-08,lowprec
3.13995732701988E-08,lowprec
3.13995732701988E-08,lowprec
3.13995732701988E-08,lowprec
3.13995732701988E-08,lowprec
3.13995732701988E-08,lowprec
3.13995732701988E-08,lowprec
3.13995732701988E-08,lowprec
3.13995732701988E-08,lowprec
3.13995732701988E-08,lowprec
3.13995732701988E-08,lowprec
3.13995732701988E-08,lowprec
3.13995732701988E-08,lowprec
3.13995732701988E-08,lowprec
3.13995732701988E-08,lowprec
3.13995732701988E-08,lowprec
3.13995732701988E-08,lowprec
3.13995732701988E-08,lowprec
3.13995732701988E-08,lowprec
3.13995732701988E-08,lowprec
3.13995732701988E-08,lowprec
3.13995732701988E-08,lowprec
3.13995732701988E-08,lowprec
3.13995732701988E-08,lowprec
3.13995732701988E-08,lowprec
3.13995732701988E-08,lowprec
3.13995732701988E-08,lowprec
3.13995732701988E-08,lowprec
3.13995732701988E-08,lowprec
3.13995732701988E-08,lowprec
3.13995732701988E-08,lowprec
3.13995732701988E-08,lowprec
3.13995732701988E-08,lowprec
3.13995732701988E-08,lowprec
3.13995732701988E-08,lowprec
3.13995732701988E-08,lowprec
3.13995732701988E-08,lowprec
3.13995732701988E-08,lowprec
3.13995732701988E-08,lowprec
3.13995732701988E-08,lowprec
3.13995732701988E-08,lowprec
3.13995732701988E-08,lowprec
3.13995732701988E-08,lowprec
3.13995732701988E-08,lowprec
3.13995732701988E-08,lowprec
3.13995732701988E-08,lowprec
3.13995732701988E-08,lowprec
3.13995732701988E-08,lowprec
3.13995732701988E-08,lowprec
3.13995732701988E-08,lowprec
3.13995732701988E-08,lowprec
3.13995732701988E-08,lowprec
3.13995732701988E-08,lowprec
3.13995732701988E-08,lowprec
3.13995732701988E-08,lowprec
3.13995732701988E-08,lowprec
3.13995732701988E-08,lowprec
3.13995732701988E-08,lowprec
3.13995732701988E-08,lowprec
3.13995732701988E-08,lowprec
3.13995732701988E-08,lowprec
3.13995732701988E-08,lowprec
3.13995732701988E-08,lowprec
3.13995732701988E-08,lowprec
3.13995732701988E-08,lowprec
3.13995732701988E-08,lowprec
3.13995732701988E-08,lowprec
3.13995732701988E-08,lowprec
3.13995732701988E-08,lowprec
3.13995732701988E-08,lowprec
3.13995732701988E-08,lowprec
3.13995732701988E-08,lowprec
3.13995732701988E-08,lowprec
3.13995732701988E-08,lowprec
3.13995732701988E-08,lowprec
3.13995732701988E-08,lowprec
3.13995732701988E-08,lowprec
3.13995732701988E-08,lowprec
3.13995732701988E-08,lowprec
3.13995732701988E-08,lowprec
3.13995732701988E-08,lowprec
3.13995732701988E-08,lowprec
3.13995732701988E-08,lowprec
3.13995732701988E-08,lowprec
3.13995732701988E-08,lowprec
3.13995732701988E-08,lowprec
3.13995732701988E-08,lowprec
3.13995732701988E-08,lowprec
3.13995732701988E-08,lowprec
3.13995732701988E-08,lowprec
3.13995732701988E-08,lowprec
3.13995732701988E-08,lowprec
3.13995732701988E-08,lowprec
3.13995732701988E-08,lowprec
3.13995732701988E-08,lowprec
3.13995732701988E-08,lowprec
3.13995732701988E-08,lowprec
3.13995732701988E-08,lowprec
3.13995732701988E-08,lowprec
3.13995732701988E-08,lowprec
3.13995732701988E-08,lowprec
3.13995732701988E-08,lowprec
3.13995732701988E-08,lowprec
3.13995732701988E-08,lowprec
3.13995732701988E-08,lowprec
3.13995732701988E-08,lowprec
3.13995732701988E-08,lowprec
3.13995732701988E-08,lowprec
3.13995732701988E-08,lowprec
3.13995732701988E-08,lowprec
3.13995732701988E-08,lowprec
3.13995732701988E-08,lowprec
3.13995732701988E-08,lowprec
3.13995732701988E-08,lowprec
3.13995732701988E-08,lowprec
3.13995732701988E-08,lowprec
3.13995732701988E-08,lowprec
3.13995732701988E-08,lowprec
3.13995732701988E-08,lowprec
3.13995732701988E-08,lowprec
3.13995732701988E-08,lowprec
3.13995732701988E-08,lowprec
3.13995732701988E-08,lowprec
3.13995732701988E-08,lowprec
3.13995732701988E-08,lowprec
3.13995732701988E-08,lowprec
3.13995732701988E-08,lowprec
3.13995732701988E-08,lowprec
3.13995732701988E-08,lowprec
3.13995732701988E-08,lowprec
3.13995732701988E-08,lowprec
3.13995732701988E-08,lowprec
3.13995732701988E-08,lowprec
3.13995732701988E-08,lowprec
3.13995732701988E-08,lowprec
3.13995732701988E-08,lowprec
3.13995732701988E-08,lowprec
3.13995732701988E-08,lowprec
3.13995732701988E-08,lowprec
3.13995732701988E-08,lowprec
3.13995732701988E-08,lowprec
3.13995732701988E-08,lowprec
3.13995732701988E-08,lowprec
3.13995732701988E-08,lowprec
3.13995732701988E-08,lowprec
3.13995732701988E-08,lowprec
3.13995732701988E-08,lowprec
3.13995732701988E-08,lowprec
3.13995732701988E-08,lowprec
3.13995732701988E-08,lowprec
3.13995732701988E-08,lowprec
4.40459550572508E-08,lowprec
6.65722805759599E-08,lowprec
1.09841184627525E-07,lowprec
1.59594444973605E-07,lowprec
2.56769936527331E-07,lowprec
3.6953230937545E-07,lowprec
5.52935579304888E-07,lowprec
7.87641088331801E-07,lowprec
1.11231529170183E-06,lowprec
1.55989539905959E-06,lowprec
2.10264883951017E-06,lowprec
2.88694284347911E-06,lowprec
3.74584077146522E-06,lowprec
5.0179144680968E-06,lowprec
6.39111486442975E-06,lowprec
8.19936112673198E-06,lowprec
1.02251146727686E-05,lowprec
1.26287378759173E-05,lowprec
1.5377904147152E-05,lowprec
1.839228337351E-05,lowprec
2.18296730674932E-05,lowprec
2.53961420837231E-05,lowprec
2.9364534999297E-05,lowprec
3.33832575308233E-05,lowprec
3.75837332467369E-05,lowprec
4.17818185471334E-05,lowprec
4.5975789840175E-05,lowprec
5.00468637598468E-05,lowprec
5.40244443400878E-05,lowprec
5.77123632164096E-05,lowprec
6.13129655779501E-05,lowprec
6.44533967532516E-05,lowprec
6.74911506228646E-05,lowprec
7.00976281442072E-05,lowprec
7.24960256250878E-05,lowprec
7.45396459461461E-05,lowprec
7.62260718142146E-05,lowprec
7.76431683559235E-05,lowprec
7.84952445428966E-05,lowprec
7.91790788142146E-05,lowprec
7.9022354231619E-05,lowprec
7.86749313016352E-05,lowprec
7.7527168154313E-05,lowprec
7.60227602060879E-05,lowprec
7.39159250329074E-05,lowprec
7.13669170665542E-05,lowprec
6.84874581475738E-05,lowprec
6.52885331877955E-05,lowprec
6.19956523604282E-05,lowprec
5.87943361452362E-05,lowprec
5.57142766845882E-05,lowprec
5.31993972215288E-05,lowprec
5.11213247241662E-05,lowprec
4.97742421654456E-05,lowprec
4.92877650638803E-05,lowprec
4.943874388663E-05,lowprec
5.08621761359453E-05,lowprec
5.26552098825432E-05,lowprec
5.60344900392044E-05,lowprec
5.97330593666505E-05,lowprec
6.47407237566006E-05,lowprec
7.03884535246187E-05,lowprec
7.70974115577001E-05,lowprec
8.50272221692107E-05,lowprec
9.38532952785241E-05,lowprec
0.000104978503076,lowprec
0.000116763205991,lowprec
0.000132612433229,lowprec
0.000149546720508,lowprec
0.000171061403508,lowprec
0.00019521660758,lowprec
0.000223709376777,lowprec
0.000256881379284,lowprec
0.000293457991461,lowprec
0.000336727026471,lowprec
0.000381891666257,lowprec
0.000435441676118,lowprec
0.000490604624977,lowprec
0.00055231780663,lowprec
0.000616749219606,lowprec
0.000685604720486,lowprec
0.000758131275703,lowprec
0.00083330510311,lowprec
0.000912952289652,lowprec
0.000993850531483,lowprec
0.00108007609548,lowprec
0.001167372106894,lowprec
0.001259028092921,lowprec
0.001352670547037,lowprec
0.001449516383333,lowprec
0.001549092386607,lowprec
0.001650619611106,lowprec
0.001754943847132,lowprec
0.001860040364433,lowprec
0.00196686353222,lowprec
0.002073588690179,lowprec
0.002179757090044,lowprec
0.002284540739617,lowprec
0.00238711181868,lowprec
0.002485770027317,lowprec
0.002581656725769,lowprec
0.002669871186973,lowprec
0.002755994421603,lowprec
0.002829901767945,lowprec
0.00290098043683,lowprec
0.002960477613332,lowprec
0.003014164044193,lowprec
0.003058650969684,lowprec
0.0030947318994,lowprec
0.003124912069651,lowprec
0.003145657794434,lowprec
0.003163865168407,lowprec
0.00317420050552,lowprec
0.003183930244893,lowprec
0.003191454909818,lowprec
0.003200208227713,lowprec
0.003210888968782,lowprec
0.003226593823986,lowprec
0.003245793861417,lowprec
0.003274755257269,lowprec
0.00330630879734,lowprec
0.003351375357747,lowprec
0.003398835306351,lowprec
0.003455887329854,lowprec
0.003515695972967,lowprec
0.003579789588103,lowprec
0.003643940198558,lowprec
0.003708130103786,lowprec
0.003766328794152,lowprec
0.003822957360731,lowprec
0.003865586914658,lowprec
0.003904633840495,lowprec
0.003929146539781,lowprec
0.003946450097662,lowprec
0.003952649490986,lowprec
0.00394988702496,lowprec
0.003941001443143,lowprec
0.003924688208158,lowprec
0.003906454111176,lowprec
0.003885218180134,lowprec
0.003864388366376,lowprec
0.003845293403815,lowprec
0.003828020942696,lowprec
0.003813530174083,lowprec
0.003801377184079,lowprec
0.003790807080728,lowprec
0.003780802400677,lowprec
0.003770941997995,lowprec
0.003757377808659,lowprec
0.003742276330626,lowprec
0.003720974594383,lowprec
0.0036957579232,lowprec
0.003664620018399,lowprec
0.003627950443967,lowprec
0.003587569211922,lowprec
0.003542339797882,lowprec
0.003495889886774,lowprec
0.003448513817985,lowprec
0.003402129238365,lowprec
0.003359719151088,lowprec
0.003321512780053,lowprec
0.003289606905513,lowprec
0.003266437451129,lowprec
0.003249077023662,lowprec
0.003244985835933,lowprec
0.003244214573442,lowprec
0.003259854150894,lowprec
0.003278449720929,lowprec
0.003308727513441,lowprec
0.003343839583483,lowprec
0.003386131808869,lowprec
0.003434193140559,lowprec
0.003486055748292,lowprec
0.003544563825777,lowprec
0.003604731196876,lowprec
0.003673420385832,lowprec
0.003744236448798,lowprec
0.003823345574431,lowprec
0.003907789030602,lowprec
0.004000083939637,lowprec
0.004102076303747,lowprec
0.004210400395662,lowprec
0.004332950378036,lowprec
0.004459039024941,lowprec
0.004602422378589,lowprec
0.004748818913199,lowprec
0.004906808444033,lowprec
0.005068663035777,lowprec
0.005236155316009,lowprec
0.00540513804,lowprec
0.005575085072643,lowprec
0.00574046311271,lowprec
0.005904641524941,lowprec
0.006055104369571,lowprec
0.006201165475746,lowprec
0.006330514244367,lowprec
0.006448934406089,lowprec
0.006551556980182,lowprec
0.006635989019844,lowprec
0.006708759029082,lowprec
0.006757077939808,lowprec
0.006799371395314,lowprec
0.006814359443053,lowprec
0.006824661993153,lowprec
0.006817407340008,lowprec
0.006804109235377,lowprec
0.006782153507647,lowprec
0.006756548276296,lowprec
0.006728624674716,lowprec
0.006703124294813,lowprec
0.006678323449226,lowprec
0.006664544473921,lowprec
0.00665458259873,lowprec
0.006658738392036,lowprec
0.006672473279294,lowprec
0.006699807949965,lowprec
0.006743780731719,lowprec
0.00679822636971,lowprec
0.006877095815951,lowprec
0.0069620013639,lowprec
0.007078032420257,lowprec
0.007200793462611,lowprec
0.007348125096253,lowprec
0.007507035116766,lowprec
0.007682236432895,lowprec
0.007869835584269,lowprec
0.008065167072548,lowprec
0.008266558833763,lowprec
0.008469153367837,lowprec
0.008662308176423,lowprec
0.008849140668564,lowprec
0.009013185960905,lowprec
0.009157104341492,lowprec
0.009272956068641,lowprec
0.009349313752849,lowprec
0.009401265710217,lowprec
0.009393029192751,lowprec
0.009370013885098,lowprec
0.009272799100255,lowprec
0.009160268624754,lowprec
0.008993237088255,lowprec
0.008802410270125,lowprec
0.008578697076985,lowprec
0.008331499071418,lowprec
0.008069921897994,lowprec
0.007796001091935,lowprec
0.007519573363053,lowprec
0.007251965464388,lowprec
0.006991325184629,lowprec
0.006755166847333,lowprec
0.006539673685566,lowprec
0.006352486718895,lowprec
0.006201863576829,lowprec
0.006073421165039,lowprec
0.005993300862789,lowprec
0.005924709923924,lowprec
0.005903361955077,lowprec
0.005888528065693,lowprec
0.005896296144738,lowprec
0.005905777223172,lowprec
0.005917583833263,lowprec
0.005915276239437,lowprec
0.005904485654053,lowprec
0.005855678049197,lowprec
0.005797216503451,lowprec
0.00567785654814,lowprec
0.005542854656957,lowprec
0.005354254193382,lowprec
0.005137685792017,lowprec
0.004883485729796,lowprec
0.004596284757294,lowprec
0.004289433102146,lowprec
0.00395522254857,lowprec
0.003615012245373,lowprec
0.00326477498899,lowprec
0.002917246550243,lowprec
0.002578885570354,lowprec
0.002253509423,lowprec
0.001945449861358,lowprec
0.001664413577652,lowprec
0.001399319164184,lowprec
0.00117498904961,lowprec
0.000960516317399,lowprec
0.000793924098022,lowprec
0.000637671769173,lowprec
0.000515983743466,lowprec
0.000410497835083,lowprec
0.000326427789486,lowprec
0.000260808632654,lowprec
0.000205972939624,lowprec
0.000168691322767,lowprec
0.000135414247971,lowprec
0.000115719664793,lowprec
9.80131342386425E-05,lowprec
8.68713480629595E-05,lowprec
7.77222579537979E-05,lowprec
7.11838109807844E-05,lowprec
6.59666838217906E-05,lowprec
6.15145870991538E-05,lowprec
5.76010946867868E-05,lowprec
5.37976399056251E-05,lowprec
5.00688072270186E-05,lowprec
4.63534658387889E-05,lowprec
4.26821349385754E-05,lowprec
3.9131968791415E-05,lowprec
3.57391393252508E-05,lowprec
3.27641477117505E-05,lowprec
3.0028817515061E-05,lowprec
2.80055734415079E-05,lowprec
2.61571008968872E-05,lowprec
2.52363006654078E-05,lowprec
2.45264325288933E-05,lowprec
2.44963814473689E-05,lowprec
2.4755329070074E-05,lowprec
2.53862409841538E-05,lowprec
2.62310934496689E-05,lowprec
2.71975064527462E-05,lowprec
2.81607009528206E-05,lowprec
2.91129144770535E-05,lowprec
2.98067383395351E-05,lowprec
3.04047494790185E-05,lowprec
3.0697653383347E-05,lowprec
3.08249743059656E-05,lowprec
3.07410548196908E-05,lowprec
3.05086920281119E-05,lowprec
3.01927768924352E-05,lowprec
2.98623602132644E-05,lowprec
2.95368717866113E-05,lowprec
2.93923890400257E-05,lowprec
2.93196923949133E-05,lowprec
2.94728780366923E-05,lowprec
2.97570007169713E-05,lowprec
3.02066942476533E-05,lowprec
3.0773548779251E-05,lowprec
3.14057267068558E-05,lowprec
3.20478151741472E-05,lowprec
3.26855783287714E-05,lowprec
3.31855154548533E-05,lowprec
3.36300284212287E-05,lowprec
3.39022017048086E-05,lowprec
3.40785454381013E-05,lowprec
3.41347776018579E-05,lowprec
3.41077811723593E-05,lowprec
3.40348189450161E-05,lowprec
3.3943289617016E-05,lowprec
3.38502622414819E-05,lowprec
3.37978367959727E-05,lowprec
3.37505656444132E-05,lowprec
3.37191336090999E-05,lowprec
3.36472688867727E-05,lowprec
3.35251715446471E-05,lowprec
3.32368780351697E-05,lowprec
3.28576668138588E-05,lowprec
3.21307696161075E-05,lowprec
3.13174037844999E-05,lowprec
3.00287132788831E-05,lowprec
2.862042769483E-05,lowprec
2.68489124928321E-05,lowprec
2.49154736227228E-05,lowprec
2.27826302124359E-05,lowprec
2.05393111489335E-05,lowprec
1.82361305630694E-05,lowprec
1.59705703847601E-05,lowprec
1.37226191716056E-05,lowprec
1.16845791038976E-05,lowprec
9.73269210459315E-06,lowprec
8.03943269278678E-06,lowprec
6.52882002926279E-06,lowprec
5.24115950079035E-06,lowprec
4.21674056157275E-06,lowprec
3.33360060979629E-06,lowprec
2.7889797432512E-06,lowprec
2.32351565559242E-06,lowprec
2.22498840666551E-06,lowprec
2.22802337222797E-06,lowprec
2.53242955989077E-06,lowprec
3.0562954789035E-06,lowprec
3.84570317717881E-06,lowprec
5.03082584598364E-06,lowprec
6.42629506924238E-06,lowprec
8.49489398358027E-06,lowprec
1.07338616741187E-05,lowprec
1.39349118076092E-05,lowprec
1.74577847212171E-05,lowprec
2.19246765443818E-05,lowprec
2.70916066256654E-05,lowprec
3.30981538796611E-05,lowprec
4.02947432911567E-05,lowprec
4.81178496706262E-05,lowprec
5.77224747505646E-05,lowprec
6.77565385702156E-05,lowprec
7.99598440909708E-05,lowprec
9.27914379892365E-05,lowprec
0.000107445019547,lowprec
0.000123223814028,lowprec
0.000140340370366,lowprec
0.000158920770967,lowprec
0.000178264427876,lowprec
0.000199066899983,lowprec
0.000220159657513,lowprec
0.000242034608047,lowprec
0.000263820981565,lowprec
0.000285353399608,lowprec
0.000306100692007,lowprec
0.000325922709654,lowprec
0.000343727687928,lowprec
0.000360491111332,lowprec
0.000373674013985,lowprec
0.000385984106815,lowprec
0.000393786339632,lowprec
0.000400323172814,lowprec
0.00040327292269,lowprec
0.000404227878317,lowprec
0.000402852490948,lowprec
0.000399280811292,lowprec
0.000394585983288,lowprec
0.000388156678891,lowprec
0.000381410997776,lowprec
0.000374082152247,lowprec
0.000366923296287,lowprec
0.000360240914982,lowprec
0.000354312314869,lowprec
0.000349256605364,lowprec
0.000345657377027,lowprec
0.000342795743351,lowprec
0.000341895284938,lowprec
0.000341421907444,lowprec
0.000342669780465,lowprec
0.000344167471156,lowprec
0.000346357583261,lowprec
0.000348417188059,lowprec
0.000350326981556,lowprec
0.000351160266973,lowprec
0.000351453690686,lowprec
0.000349286905052,lowprec
0.000346493844871,lowprec
0.000340253834342,lowprec
0.000332959416844,lowprec
0.000322774912229,lowprec
0.000310810149216,lowprec
0.000296819615381,lowprec
0.000280863926121,lowprec
0.000263932347396,lowprec
0.000245552419759,lowprec
0.000226950357036,lowprec
0.000208306940054,lowprec
0.000190153822033,lowprec
0.000173329762178,lowprec
0.000158295502983,lowprec
0.000145280128864,lowprec
0.000136174770134,lowprec
0.000128992089494,lowprec
0.000128530356087,lowprec
0.000129723437458,lowprec
0.000139490683515,lowprec
0.000151969463756,lowprec
0.000171717717854,lowprec
0.000195985360793,lowprec
0.000225306457619,lowprec
0.000259778316059,lowprec
0.000296758070695,lowprec
0.000337298862317,lowprec
0.00037829414835,lowprec
0.000418485981016,lowprec
0.000456907355798,lowprec
0.000490634089089,lowprec
0.000518841360686,lowprec
0.000540930641205,lowprec
0.000552718901855,lowprec
0.000559541083179,lowprec
0.000551923824457,lowprec
0.000541108048949,lowprec
0.000516367405506,lowprec
0.00048849510992,lowprec
0.000452409037943,lowprec
0.000413327479373,lowprec
0.000370954490075,lowprec
0.000327870740764,lowprec
0.000284447728236,lowprec
0.000243961877595,lowprec
0.000204375201492,lowprec
0.000170581460066,lowprec
0.000138906068749,lowprec
0.000112726627272,lowprec
9.0177587150566E-05,lowprec
7.15829303265913E-05,lowprec
5.74994589792053E-05,lowprec
4.55479011140886E-05,lowprec
3.8224227910649E-05,lowprec
3.18391674653196E-05,lowprec
2.89597662260744E-05,lowprec
2.67845977310825E-05,lowprec
2.6416851318025E-05,lowprec
2.6752137427112E-05,lowprec
2.78465388220493E-05,lowprec
2.9405390654739E-05,lowprec
3.11815465380208E-05,lowprec
3.30752251675879E-05,lowprec
3.49674210025069E-05,lowprec
3.66668084115203E-05,lowprec
3.82461107391111E-05,lowprec
3.9520516154415E-05,lowprec
4.06067935375267E-05,lowprec
4.14917006743375E-05,lowprec
4.20514809867139E-05,lowprec
4.24606647764278E-05,lowprec
4.24886465873821E-05,lowprec
4.24349799595265E-05,lowprec
4.20384868009646E-05,lowprec
4.15567158828796E-05,lowprec
4.08607337645281E-05,lowprec
4.00698496597241E-05,lowprec
3.91782659692679E-05,lowprec
3.82449968733252E-05,lowprec
3.72926132438586E-05,lowprec
3.6416892539032E-05,lowprec
3.55690160692228E-05,lowprec
3.49111057708743E-05,lowprec
3.43274556192296E-05,lowprec
3.39283605564181E-05,lowprec
3.36312447595434E-05,lowprec
3.34413983583518E-05,lowprec
3.32939565102919E-05,lowprec
3.31657629993831E-05,lowprec
3.29086882712878E-05,lowprec
3.26045623785702E-05,lowprec
3.19835228798684E-05,lowprec
3.12231786809235E-05,lowprec
3.012028697056E-05,lowprec
2.87696022652849E-05,lowprec
2.71605336985168E-05,lowprec
2.52656717394243E-05,lowprec
2.32423943642356E-05,lowprec
2.10113904325519E-05,lowprec
1.87525967154218E-05,lowprec
1.64715540055639E-05,lowprec
1.42398845606777E-05,lowprec
1.21283453471516E-05,lowprec
1.01675918848849E-05,lowprec
8.36270383825526E-06,lowprec
6.81534568672293E-06,lowprec
5.38252821577298E-06,lowprec
4.28023317158151E-06,lowprec
3.24826545962879E-06,lowprec
2.51418826173557E-06,lowprec
1.85576731317415E-06,lowprec
1.37949708561243E-06,lowprec
9.94889314314653E-07,lowprec
7.04209438930319E-07,lowprec
4.99523309851593E-07,lowprec
3.32694394680135E-07,lowprec
2.34477805810805E-07,lowprec
1.48542452284116E-07,lowprec
1.02635869027824E-07,lowprec
6.3782787713907E-08,lowprec
4.17346212206386E-08,lowprec
2.56664938710317E-08,lowprec
1.5673015365199E-08,lowprec
8.25475288619085E-09,lowprec
1.95857945100868E-09,lowprec
6.56934492823485E-10,lowprec
-5.72090527095932E-19,lowprec
-3.52221706146942E-19,lowprec
1.5320361381633E-09,lowprec
6.67621924425935E-09,lowprec
1.33975555710786E-08,lowprec
2.17070924595165E-08,lowprec
3.67472677329549E-08,lowprec
5.46900193316815E-08,lowprec
9.06682508573625E-08,lowprec
1.32442696636727E-07,lowprec
2.0833820567681E-07,lowprec
3.04314456375648E-07,lowprec
4.47146155433686E-07,lowprec
6.45146295038113E-07,lowprec
8.98219162466743E-07,lowprec
1.26947010752973E-06,lowprec
1.69115924977304E-06,lowprec
2.32748720777997E-06,lowprec
3.01863788641313E-06,lowprec
3.98630260003049E-06,lowprec
5.06240467558175E-06,lowprec
6.38892267726053E-06,lowprec
7.89982514886327E-06,lowprec
9.59319473864098E-06,lowprec
1.15032804466014E-05,lowprec
1.35049017982437E-05,lowprec
1.56596947640953E-05,lowprec
1.78263194153911E-05,lowprec
1.99538751744615E-05,lowprec
2.19896264481263E-05,lowprec
2.38155475638299E-05,lowprec
2.53613490833631E-05,lowprec
2.66323498067773E-05,lowprec
2.73771009610525E-05,lowprec
2.79018899647854E-05,lowprec
2.76764616168341E-05,lowprec
2.72900983227935E-05,lowprec
2.62062169379487E-05,lowprec
2.49339671154304E-05,lowprec
2.32355784233014E-05,lowprec
2.13483495904026E-05,lowprec
1.92774742323714E-05,lowprec
1.71284011047116E-05,lowprec
1.49469843918829E-05,lowprec
1.28728911759012E-05,lowprec
1.0839821355891E-05,lowprec
9.05487416108269E-06,lowprec
7.38035251800973E-06,lowprec
5.95309963918059E-06,lowprec
4.71203580926326E-06,lowprec
3.65046847646817E-06,lowprec
2.81880727144734E-06,lowprec
2.08124007223224E-06,lowprec
1.57796477954358E-06,lowprec
1.11847628491209E-06,lowprec
8.25056005463431E-07,lowprec
5.70431363954007E-07,lowprec
4.01798429241846E-07,lowprec
2.72734064795928E-07,lowprec
1.81484782011537E-07,lowprec
1.22062387289627E-07,lowprec
7.55285066219165E-08,lowprec
5.10261213065886E-08,lowprec
3.00209124629645E-08,lowprec
1.98611539613538E-08,lowprec
1.08977952157606E-08,lowprec
4.55950697736826E-09,lowprec
1.05481114887961E-09,lowprec
2.34619946278484E-10,lowprec
-5.11782435458744E-19,lowprec
-9.51520077356723E-19,lowprec
-9.89170131079664E-19,lowprec
-1.001792412382E-18,lowprec
-1.11172682285649E-18,lowprec
-9.09747549012566E-19,lowprec
-3.02722652165169E-20,lowprec
2.82284310894971E-19,lowprec
6.24154899459816E-20,lowprec
-4.72359993009092E-19,lowprec
-1.13196645585599E-18,lowprec
-1.1870041572956E-18,lowprec
-1.10983309033686E-18,lowprec
-4.50226627489821E-19,lowprec
-1.39586556904766E-19,lowprec
-5.793241988027E-19,lowprec
-9.05198972782206E-19,lowprec
-1.12506779373122E-18,lowprec
-1.34493661468021E-18,lowprec
-1.5648054356292E-18,lowprec
-7.74664022324473E-19,lowprec
-5.24056307356533E-20,lowprec
-4.92143272633723E-19,lowprec
-7.2106370002979E-19,lowprec
-5.01194879080733E-19,lowprec
-5.10010046731943E-19,lowprec
-7.29878867680933E-19,lowprec
-1.57689769798967E-19,lowprec
7.21785513997083E-19,lowprec
4.70054569740456E-09,lowprec
1.0191509414333E-08,lowprec
1.84828163814442E-08,lowprec
2.98566979668893E-08,lowprec
4.77274731826287E-08,lowprec
7.60356649028204E-08,lowprec
1.13892854176932E-07,lowprec
1.79042642075746E-07,lowprec
2.54666617555721E-07,lowprec
3.91889512087112E-07,lowprec
5.47825073498424E-07,lowprec
8.0011704842263E-07,lowprec
1.10690413757898E-06,lowprec
1.52740706152306E-06,lowprec
2.07254328163537E-06,lowprec
2.73071244288168E-06,lowprec
3.61167412700146E-06,lowprec
4.57721092058828E-06,lowprec
5.87448795046356E-06,lowprec
7.24467208024411E-06,lowprec
8.93558064787326E-06,lowprec
1.07271740499622E-05,lowprec
1.27267916195128E-05,lowprec
1.48162126071895E-05,lowprec
1.69863698080516E-05,lowprec
1.91259170509787E-05,lowprec
2.12539709110514E-05,lowprec
2.31039110662594E-05,lowprec
2.48613437453978E-05,lowprec
2.61362969122851E-05,lowprec
2.71666483873853E-05,lowprec
2.76966078245308E-05,lowprec
2.77887952499948E-05,lowprec
2.7490837449291E-05,lowprec
2.66235553563795E-05,lowprec
2.55448444049477E-05,lowprec
2.38937338701554E-05,lowprec
2.21506286491424E-05,lowprec
2.00820186047549E-05,lowprec
1.79762898680942E-05,lowprec
1.57953712562669E-05,lowprec
1.3676425073841E-05,lowprec
1.16122280831946E-05,lowprec
9.75080272399186E-06,lowprec
7.96385174709236E-06,lowprec
6.50977921324066E-06,lowprec
5.12842852224606E-06,lowprec
4.06441095074796E-06,lowprec
3.1082907483135E-06,lowprec
2.3685956290687E-06,lowprec
1.76640485425115E-06,lowprec
1.28463291933521E-06,lowprec
9.4015752601005E-07,lowprec
6.45551028261088E-07,lowprec
4.67873603793018E-07,lowprec
3.08903215403208E-07,lowprec
2.17176903316993E-07,lowprec
1.40493010689028E-07,lowprec
9.36875964606705E-08,lowprec
5.98787893639298E-08,lowprec
3.73524638457757E-08,lowprec
3.13995732689129E-08,lowprec
3.13995732689129E-08,lowprec
3.13995732689129E-08,lowprec
3.13995732689129E-08,lowprec
3.13995732689129E-08,lowprec
3.13995732689129E-08,lowprec
3.13995732689129E-08,lowprec
3.13995732689129E-08,lowprec
3.13995732689129E-08,lowprec
3.13995732689129E-08,lowprec
3.13995732689129E-08,lowprec
3.13995732689129E-08,lowprec
3.13995732689129E-08,lowprec
3.13995732689129E-08,lowprec
3.13995732689129E-08,lowprec
3.13995732689129E-08,lowprec
3.13995732689129E-08,lowprec
3.13995732689129E-08,lowprec
3.13995732689129E-08,lowprec
3.13995732689129E-08,lowprec
3.13995732689129E-08,lowprec
3.13995732689129E-08,lowprec
3.13995732689129E-08,lowprec
3.13995732689129E-08,lowprec
3.13995732689129E-08,lowprec
3.13995732689129E-08,lowprec
3.13995732689129E-08,lowprec
3.13995732689129E-08,lowprec
3.13995732689129E-08,lowprec
3.13995732689129E-08,lowprec
3.13995732689129E-08,lowprec
3.13995732689129E-08,lowprec
3.13995732689129E-08,lowprec
3.13995732689129E-08,lowprec
3.13995732689129E-08,lowprec
3.13995732689129E-08,lowprec
3.13995732689129E-08,lowprec
3.13995732689129E-08,lowprec
3.13995732689129E-08,lowprec
3.13995732689129E-08,lowprec
3.13995732689129E-08,lowprec
3.13995732689129E-08,lowprec
3.13995732689129E-08,lowprec
3.13995732689129E-08,lowprec
3.13995732689129E-08,lowprec
3.13995732689129E-08,lowprec
3.13995732689129E-08,lowprec
3.13995732689129E-08,lowprec
3.13995732689129E-08,lowprec
3.13995732689129E-08,lowprec
3.13995732689129E-08,lowprec
3.13995732689129E-08,lowprec
3.13995732689129E-08,lowprec
3.13995732689129E-08,lowprec
3.13995732689129E-08,lowprec
3.13995732689129E-08,lowprec
3.13995732689129E-08,lowprec
3.13995732689129E-08,lowprec
3.13995732689129E-08,lowprec
3.13995732689129E-08,lowprec
3.13995732689129E-08,lowprec
3.13995732689129E-08,lowprec
3.13995732689129E-08,lowprec
3.13995732689129E-08,lowprec
3.13995732689129E-08,lowprec
3.13995732689129E-08,lowprec
3.13995732689129E-08,lowprec
3.13995732689129E-08,lowprec
3.13995732689129E-08,lowprec
3.13995732689129E-08,lowprec
3.13995732689129E-08,lowprec
3.13995732689129E-08,lowprec
3.13995732689129E-08,lowprec
3.13995732689129E-08,lowprec
3.13995732689129E-08,lowprec
3.13995732689129E-08,lowprec
3.13995732689129E-08,lowprec
3.13995732689129E-08,lowprec
3.13995732689129E-08,lowprec
3.13995732689129E-08,lowprec
3.13995732689129E-08,lowprec
3.13995732689129E-08,lowprec
3.13995732689129E-08,lowprec
3.13995732689129E-08,lowprec
3.13995732689129E-08,lowprec
3.13995732689129E-08,lowprec
3.13995732689129E-08,lowprec
